number,fifa_display_name,last_name,first_name,shirt_name,day_of_birth,position,club,height,caps,goals,team,esporte,media_gols
1,Nahuel GUZMAN,GUZMÁN,Nahuel Ignacio,GUZMÁN,1986-02-10,GK,Tigres (MEX),1.92,6,0,Argentina,futebol,0
2,Gabriel MERCADO,MERCADO,Gabriel Ivan,MERCADO,1987-03-18,DF,Sevilla FC (ESP),1.81,21,3,Argentina,futebol,0.1
3,Nicolas TAGLIAFICO,TAGLIAFICO,Nicolás Alejandro,TAGLIAFICO,1992-08-31,DF,Ajax (NED),1.69,6,0,Argentina,futebol,0
4,Cristian ANSALDI,ANSALDI,Cristian Daniel,ANSALDI,1986-09-20,DF,Torino (ITA),1.81,5,1,Argentina,futebol,0.2
5,Lucas BIGLIA,BIGLIA,Lucas Rodrigo,BIGLIA,1986-01-30,MF,AC Milan (ITA),1.75,58,1,Argentina,futebol,0
6,Federico FAZIO,FAZIO,Federico Julián,FAZIO,1987-03-17,DF,AS Roma (ITA),1.99,9,1,Argentina,futebol,0.1
7,Ever BANEGA,BANEGA,Ever Maximiliano David,BANEGA,1988-06-29,MF,Sevilla FC (ESP),1.75,63,6,Argentina,futebol,0.1
8,Marcos ACUNA,ACUÑA,Marcos Javier,ACUÑA,1991-10-28,DF,Sporting CP (POR),1.72,11,0,Argentina,futebol,0
9,Gonzalo HIGUAIN,HIGUAIN,Gonzalo Gerardo,HIGUAÍN,1987-12-10,FW,Juventus (ITA),1.84,74,31,Argentina,futebol,0.4
10,Lionel MESSI,MESSI,Lionel Andres,MESSI,1987-06-24,FW,FC Barcelona (ESP),1.7,126,64,Argentina,futebol,0.5
11,Angel DI MARIA,DI MARIA,Angel Fabian,DI MARÍA,1988-02-14,MF,Paris Saint-Germain (FRA),1.78,95,19,Argentina,futebol,0.2
12,Franco ARMANI,ARMANI,Franco,ARMANI,1986-10-16,GK,River Plate (ARG),1.89,0,0,Argentina,futebol,
13,Maximiliano MEZA,MEZA,Maximiliano Eduardo,MEZA,1992-12-15,MF,Independiente (ARG),1.8,4,0,Argentina,futebol,0
14,Javier MASCHERANO,MASCHERANO,Javier Alejandro,MASCHERANO,1984-06-08,DF,Hebei Huabei (CHN),1.74,145,3,Argentina,futebol,0
15,Enzo PEREZ,PEREZ,Enzo Nicolas,PÉREZ,1986-02-22,MF,River Plate (ARG),1.78,24,1,Argentina,futebol,0
16,Marcos ROJO,ROJO,Faustino Marcos Alberto,MARCOS ROJO,1990-03-20,DF,Manchester United (ENG),1.89,57,2,Argentina,futebol,0
17,Nicolas OTAMENDI,OTAMENDI,Nicolas Hernan Gonzalo,OTAMENDI,1988-02-12,DF,Manchester City (ENG),1.81,56,4,Argentina,futebol,0.1
18,Eduardo SALVIO,SALVIO,Eduardo Antonio,SALVIO,1990-07-13,DF,Benfica (POR),1.67,11,0,Argentina,futebol,0
19,Sergio AGUERO,AGÜERO,Sergio Leonel,KUN AGUERO,1988-06-02,FW,Manchester City (ENG),1.72,87,38,Argentina,futebol,0.4
20,Giovani LO CELSO,LO CELSO,Giovani,LO CELSO,1996-04-09,MF,Paris Saint-Germain (FRA),1.77,5,0,Argentina,futebol,0
21,Paulo DYBALA,DYBALA,Paulo Exequiel,DYBALA,1993-11-15,FW,Juventus (ITA),1.77,13,0,Argentina,futebol,0
22,Cristian PAVON,PAVÓN,Cristian David,PAVÓN,1996-01-21,MF,Boca Juniors (ARG),1.69,7,0,Argentina,futebol,0
23,Wilfredo CABALLERO,CABALLERO,Wilfredo Daniel,CABALLERO,1981-09-28,GK,Chelsea (ENG),1.86,5,0,Argentina,futebol,0
1,Mathew RYAN,RYAN,Mathew David,RYAN,1992-04-08,GK,Brighton (ENG),1.84,46,0,Australia,futebol,0
2,Milos DEGENEK,DEGENEK,Milos,DEGENEK,1994-04-28,DF,Yokohama F Marinos (JPN),1.87,18,0,Australia,futebol,0
3,James MEREDITH,MEREDITH,James Gregory,MEREDITH,1988-04-05,DF,Millwall (ENG),1.79,2,0,Australia,futebol,0
4,Tim CAHILL,CAHILL,Timothy Filiga,CAHILL,1979-12-06,FW,Millwall (ENG),1.8,106,50,Australia,futebol,0.5
5,Mark MILLIGAN,MILLIGAN,Mark Daniel,MILLIGAN,1985-08-04,DF,Al Ahli (KSA),1.78,70,6,Australia,futebol,0.1
6,Matthew JURMAN,JURMAN,Matthew John,JURMAN,1989-12-08,DF,Suwon Samsung Bluewings (KOR),1.9,4,0,Australia,futebol,0
7,Mathew LECKIE,LECKIE,Mathew Allan,LECKIE,1991-02-04,FW,Hertha BSC (GER),1.81,55,8,Australia,futebol,0.1
8,Massimo LUONGO,LUONGO,Massimo Corey,LUONGO,1992-09-25,MF,Queens Park Rangers (ENG),1.76,36,5,Australia,futebol,0.1
9,Tomi JURIC,JURIC,Tomi,JURIC,1991-07-22,FW,FC Luzern (SUI),1.9,37,8,Australia,futebol,0.2
10,Robbie KRUSE,KRUSE,Robbie Thomas,KRUSE,1988-10-05,FW,VfL Bochum (GER),1.8,66,5,Australia,futebol,0.1
11,Andrew NABBOUT,NABBOUT,Andrew,NABBOUT,1992-12-17,FW,Urawa Reds (JPN),1.78,6,1,Australia,futebol,0.2
12,Brad JONES,JONES,Bradley Scott,JONES,1982-03-19,GK,Feyenoord (NED),1.93,6,0,Australia,futebol,0
13,Aaron MOOY,MOOY,Aaron Frank,MOOY,1990-09-15,MF,Huddersfield (ENG),1.73,36,5,Australia,futebol,0.1
14,Jamie MacLAREN,MACLAREN,Jamie,MACLAREN,1993-07-29,FW,Hibernian (SCO),1.78,6,0,Australia,futebol,0
15,Mile JEDINAK,JEDINAK,Michael John,JEDINAK,1984-08-03,MF,Aston Villa (ENG),1.88,78,20,Australia,futebol,0.3
16,Aziz BEHICH,BEHICH,Aziz,BEHICH,1990-12-16,DF,Bursaspor (TUR),1.7,25,2,Australia,futebol,0.1
17,Daniel ARZANI,ARZANI,Daniel,ARZANI,1999-01-04,FW,Melbourne City Football Club (AUS),1.71,4,1,Australia,futebol,0.2
18,Danny VUKOVIC,VUKOVIC,Daniel,VUKOVIC,1985-03-27,GK,Racing Genk (BEL),1.87,1,0,Australia,futebol,0
19,Joshua RISDON,RISDON,Joshua Robert,RISDON,1992-07-27,DF,WS Wanderers FC (AUS),1.69,10,0,Australia,futebol,0
20,Trent SAINSBURY,SAINSBURY,Trent Lucas,SAINSBURY,1992-01-05,DF,Grasshoppers (SUI),1.83,37,3,Australia,futebol,0.1
21,Dimitrios PETRATOS,PETRATOS,Dimitrios,PETRATOS,1992-11-10,FW,Newcastle Jets (AUS),1.76,2,0,Australia,futebol,0
22,Jackson IRVINE,IRVINE,Jackson Alexander,IRVINE,1993-03-07,MF,Hull City (ENG),1.8,21,2,Australia,futebol,0.1
23,Tom ROGIC,ROGIC,Tomas Petar,ROGIC,1992-12-16,MF,Celtic (SCO),1.89,39,7,Australia,futebol,0.2
1,Thibaut COURTOIS,COURTOIS,Thibaut Nicolas,COURTOIS,1992-05-11,GK,Chelsea (ENG),1.99,59,0,Belgium,futebol,0
2,Toby ALDERWEIRELD,ALDERWEIRELD,Toby Albertine,ALDERWEIRELD,1989-03-02,DF,Tottenham Hotspur (ENG),1.86,78,3,Belgium,futebol,0
3,Thomas VERMAELEN,VERMAELEN,Thomas,VERMAELEN,1985-11-14,DF,FC Barcelona (ESP),1.83,66,1,Belgium,futebol,0
4,Vincent KOMPANY,KOMPANY,Vincent Jean,KOMPANY,1986-04-10,DF,Manchester City (ENG),1.9,77,4,Belgium,futebol,0.1
5,Jan VERTONGHEN,VERTONGHEN,Jan Bert,VERTONGHEN,1987-04-24,DF,Tottenham Hotspur (ENG),1.89,103,8,Belgium,futebol,0.1
6,Axel WITSEL,WITSEL,Axel Laurent,WITSEL,1989-01-12,MF,Tianjin Quanjian Football Club (CHN),1.86,91,9,Belgium,futebol,0.1
7,Kevin DE BRUYNE,DE BRUYNE,Kevin,DE BRUYNE,1991-06-28,MF,Manchester City (ENG),1.81,63,14,Belgium,futebol,0.2
8,Marouane FELLAINI,FELLAINI-BAKKIOUI,Marouane,FELLAINI,1987-11-22,MF,Manchester United (ENG),1.94,82,17,Belgium,futebol,0.2
9,Romelu LUKAKU,LUKAKU BOLINGOLI,Romelu,R. LUKAKU,1993-05-13,FW,Manchester United (ENG),1.9,70,38,Belgium,futebol,0.5
10,Eden HAZARD,HAZARD,Eden Michael,E. HAZARD,1991-01-07,FW,Chelsea (ENG),1.73,87,22,Belgium,futebol,0.3
11,Yannick CARRASCO,FERREIRA CARRASCO,Yannick,CARRASCO,1993-09-04,MF,Dalian Yifang Football Club (CHN),1.8,27,5,Belgium,futebol,0.2
12,Simon MIGNOLET,MIGNOLET,Simon Luc,MIGNOLET,1988-03-06,GK,Liverpool (ENG),1.93,21,0,Belgium,futebol,0
13,Koen CASTEELS,CASTEELS,Koen,CASTEELS,1992-06-25,GK,VfL Wolfsburg (GER),1.97,0,0,Belgium,futebol,
14,Dries MERTENS,MERTENS,Dries,MERTENS,1987-05-06,FW,SSC Napoli (ITA),1.69,70,15,Belgium,futebol,0.2
15,Thomas MEUNIER,MEUNIER,Thomas,MEUNIER,1991-09-12,DF,Paris Saint-Germain (FRA),1.9,26,5,Belgium,futebol,0.2
16,Thorgan HAZARD,HAZARD,Thorgan Ganael Francis,T. HAZARD,1993-03-29,MF,Borussia Moenchengladbach (GER),1.74,12,1,Belgium,futebol,0.1
17,Youri TIELEMANS,TIELEMANS,Youri,TIELEMANS,1997-05-07,MF,AS Monaco (FRA),1.76,9,0,Belgium,futebol,0
18,Adnan JANUZAJ,JANUZAJ,Adnan,JANUZAJ,1995-02-05,FW,Real Sociedad (ESP),1.8,8,0,Belgium,futebol,0
19,Moussa DEMBELE,DEMBELE,Moussa Sidi Yaya,DEMBELE,1987-07-16,MF,Tottenham Hotspur (ENG),1.85,77,5,Belgium,futebol,0.1
20,Dedryck BOYATA,BOYATA,Dedryck Anga,BOYATA,1990-11-28,DF,Celtic (SCO),1.88,8,0,Belgium,futebol,0
21,Michy BATSHUAYI,BATSHUAYI ATUNGA,Michy,BATSHUAYI,1993-10-02,FW,Borussia Dortmund (GER),1.85,16,7,Belgium,futebol,0.4
22,Nacer CHADLI,CHADLI,Nacer,CHADLI,1989-08-02,MF,West Bromwich Albion FC (ENG),1.87,46,5,Belgium,futebol,0.1
23,Leander DENDONCKER,DENDONCKER,Leander,DENDONCKER,1995-04-15,DF,Anderlecht (BEL),1.88,5,0,Belgium,futebol,0
1,ALISSON,BECKER,Alisson Ramses,A. BECKER,1992-10-02,GK,AS Roma (ITA),1.93,28,0,Brazil,futebol,0
2,THIAGO SILVA,EMILIANO DA SILVA,Thiago,T. SILVA,1984-09-22,DF,Paris Saint-Germain (FRA),1.83,73,5,Brazil,futebol,0.1
3,MIRANDA,MIRANDA DE SOUZA FILHO,Joao,MIRANDA,1984-09-07,DF,Internazionale (ITA),1.86,49,2,Brazil,futebol,0
4,PEDRO GEROMEL,TONON GEROMEL,Pedro,GEROMEL,1985-09-21,DF,Grêmio (BRA),1.9,2,0,Brazil,futebol,0
5,CASEMIRO,CASIMIRO,Carlos Henrique,CASEMIRO,1992-02-23,MF,Real Madrid (ESP),1.85,26,0,Brazil,futebol,0
6,FILIPE LUIS,KASMIRSKI,Filipe Luis,FILIPE LUIS,1985-08-09,DF,Atlético Madrid (ESP),1.82,33,2,Brazil,futebol,0.1
7,DOUGLAS COSTA,COSTA DE SOUZA,Douglas,D. COSTA,1990-09-14,FW,Juventus (ITA),1.82,26,3,Brazil,futebol,0.1
8,RENATO AUGUSTO,SOARES DE OLIVEIRA AUGUSTO,Renato,R. AUGUSTO,1988-02-08,MF,Beijing Guoan (CHN),1.86,29,5,Brazil,futebol,0.2
9,GABRIEL JESUS,DE JESUS,Gabriel Fernando,G. JESUS,1997-04-03,FW,Manchester City (ENG),1.75,19,10,Brazil,futebol,0.5
10,NEYMAR,DA SILVA SANTOS JUNIOR,Neymar,NEYMAR JR,1992-02-05,FW,Paris Saint-Germain (FRA),1.75,87,56,Brazil,futebol,0.6
11,PHILIPPE COUTINHO,COUTINHO CORREIA,Philippe,P. COUTINHO,1992-06-12,MF,FC Barcelona (ESP),1.72,38,12,Brazil,futebol,0.3
12,MARCELO,VIEIRA DA SILVA JUNIOR,Marcelo,MARCELO,1988-05-12,DF,Real Madrid (ESP),1.74,57,6,Brazil,futebol,0.1
13,MARQUINHOS,AOAS CORREA,Marcos,MARQUINHOS,1994-05-14,DF,Paris Saint-Germain (FRA),1.83,26,0,Brazil,futebol,0
14,DANILO,DA SILVA,Danilo Luiz,DANILO,1991-07-15,DF,Manchester City (ENG),1.84,19,0,Brazil,futebol,0
15,PAULINHO,BEZERRA MACIEL JÚNIOR,José Paulo,PAULINHO,1988-07-25,MF,FC Barcelona (ESP),1.81,52,12,Brazil,futebol,0.2
16,CASSIO,RAMOS,Cassio,CASSIO,1987-06-06,GK,SC Corinthians (BRA),1.95,1,0,Brazil,futebol,0
17,FERNANDINHO,ROZA,Fernando Luiz,FERNANDINHO,1985-05-04,MF,Manchester City (ENG),1.79,46,2,Brazil,futebol,0
18,FRED,RODRIGUES DE PAULA SANTOS,Frederico,FRED,1993-03-05,MF,Shakhtar Donetsk (UKR),1.69,8,0,Brazil,futebol,0
19,WILLIAN,BORGES DA SILVA,Willian,WILLIAN,1988-08-09,MF,Chelsea (ENG),1.75,59,8,Brazil,futebol,0.1
20,ROBERTO FIRMINO,BARBOSA DE OLIVEIRA,Roberto Firmino,FIRMINO,1991-10-02,FW,Liverpool (ENG),1.81,23,6,Brazil,futebol,0.3
21,TAISON,BARCELLOS FREDA,Taison,TAISON,1988-01-13,FW,Shakhtar Donetsk (UKR),1.72,8,1,Brazil,futebol,0.1
22,FAGNER,CONSERVA LEMOS,Fagner,FAGNER,1989-06-11,DF,SC Corinthians (BRA),1.68,5,0,Brazil,futebol,0
23,EDERSON,SANTANA DE MORAES,Ederson,EDERSON,1993-08-17,GK,Manchester City (ENG),1.88,1,0,Brazil,futebol,0
1,David OSPINA,OSPINA RAMIREZ,David,OSPINA,1988-08-31,GK,Arsenal (ENG),1.83,84,0,Colombia,futebol,0
2,Cristian ZAPATA,ZAPATA VALENCIA,Cristian Eduardo,C. ZAPATA,1986-09-30,DF,AC Milan (ITA),1.87,52,2,Colombia,futebol,0
3,Oscar MURILLO,MURILLO MURILLO,Oscar Fabian,O. MURILLO,1988-04-18,DF,CF Pachuca (MEX),1.84,14,0,Colombia,futebol,0
4,Santiago ARIAS,ARIAS NARANJO,Santiago,ARIAS,1992-01-13,DF,PSV (NED),1.77,42,0,Colombia,futebol,0
5,Wilmar BARRIOS,BARRIOS TERAN,Wilmar Enrique,BARRIOS,1993-10-16,MF,Boca Juniors (ARG),1.78,11,0,Colombia,futebol,0
6,Carlos SANCHEZ,SANCHEZ MORENO,Carlos Alberto,C. SANCHEZ,1986-02-06,MF,RCD Espanyol (ESP),1.82,81,0,Colombia,futebol,0
7,Carlos BACCA,BACCA AHUMADA,Carlos Arturo,BACCA,1986-09-08,FW,Villarreal CF (ESP),1.81,46,14,Colombia,futebol,0.3
8,Abel AGUILAR,AGUILAR TAPIAS,Abel Enrique,AGUILAR T.,1985-01-06,MF,Cali (COL),1.85,69,8,Colombia,futebol,0.1
9,Radamel FALCAO,GARCIA ZARATE,Radamel Falcao,FALCAO,1986-02-10,FW,AS Monaco (FRA),1.77,66,29,Colombia,futebol,0.4
10,James RODRIGUEZ,RODRIGUEZ RUBIO,James David,JAMES,1991-07-12,MF,Bayern München (GER),1.8,64,21,Colombia,futebol,0.3
11,Juan CUADRADO,CUADRADO BELLO,Juan Guillermo,CUADRADO,1988-05-26,MF,Juventus (ITA),1.79,70,7,Colombia,futebol,0.1
12,Camilo VARGAS,VARGAS GIL,Camilo Andres,C. VARGAS,1989-03-09,GK,Cali (COL),1.85,5,0,Colombia,futebol,0
13,Yerry MINA,MINA GONZALEZ,Yerry Fernando,Y. MINA,1994-09-23,DF,FC Barcelona (ESP),1.94,12,3,Colombia,futebol,0.2
14,Luis MURIEL,MURIEL FRUTO,Luis Fernando,L. MURIEL,1991-04-16,FW,Sevilla FC (ESP),1.78,18,2,Colombia,futebol,0.1
15,Mateus URIBE,URIBE VILLA,Andres Mateus,M. URIBE,1991-03-21,MF,America (MEX),1.82,8,0,Colombia,futebol,0
16,Jefferson LERMA,LERMA SOLIS,Jefferson Andrés,J. LERMA,1994-10-25,MF,Levante UD (ESP),1.79,6,0,Colombia,futebol,0
17,Johan MOJICA,MOJICA PALACIO,Johan Andrés,J. MOJICA,1992-08-21,DF,Girona Futbol Club (ESP),1.85,5,1,Colombia,futebol,0.2
18,Farid DIAZ,DIAZ RHENALS,Farid Alfonso,F. DIAZ,1983-07-20,DF,Olimpia (PAR),1.7,13,0,Colombia,futebol,0
19,Miguel BORJA,BORJA HERNANDEZ,Miguel Angel,M. BORJA,1993-01-26,FW,Palmeiras (BRA),1.83,7,2,Colombia,futebol,0.3
20,Juan QUINTERO,QUINTERO PANIAGUA,Juan Fernando,J. QUINTERO,1993-01-18,MF,River Plate (ARG),1.69,16,3,Colombia,futebol,0.2
21,Jose IZQUIERDO,IZQUIERDO MENA,José Heriberto,IZQUIERDO,1992-07-07,FW,Brighton (ENG),1.71,6,1,Colombia,futebol,0.2
22,Jose CUADRADO,CUADRADO ROMERO,José Fernando,J.F. CUADRADO,1985-06-01,GK,Once Caldas (COL),1.8,1,0,Colombia,futebol,0
23,Davinson SANCHEZ,SANCHEZ MINA,Davinson,D. SANCHEZ,1996-06-12,DF,Tottenham Hotspur (ENG),1.87,10,0,Colombia,futebol,0
1,Keylor NAVAS,NAVAS GAMBOA,Keilor Antonio,K. NAVAS,1986-12-15,GK,Real Madrid (ESP),1.85,83,0,Costa Rica,futebol,0
2,Johnny ACOSTA,ACOSTA ZAMORA,Jhonny,J. ACOSTA,1983-07-21,DF,Águilas Doradas Rionegro (COL),1.76,68,2,Costa Rica,futebol,0
3,Giancarlo GONZALEZ,GONZALEZ CASTRO,Giancarlo,G. GONZALEZ,1988-02-08,DF,Bologna (ITA),1.86,70,2,Costa Rica,futebol,0
4,Ian SMITH,SMITH QUIROS,Ian Rey,I. SMITH,1998-03-06,DF,Norrkoping (SWE),1.77,4,0,Costa Rica,futebol,0
5,Celso BORGES,BORGES MORA,Celso,C. BORGES,1988-05-27,MF,Deportivo La Coruña (ESP),1.87,113,18,Costa Rica,futebol,0.2
6,Oscar DUARTE,DUARTE GAITAN,Oscar Esau,O. DUARTE,1989-06-03,DF,RCD Espanyol (ESP),1.86,38,2,Costa Rica,futebol,0.1
7,Christian BOLANOS,BOLAÑOS NAVARRO,Christian,C. BOLAÑOS,1984-05-17,MF,Saprissa (CRC),1.78,84,7,Costa Rica,futebol,0.1
8,Bryan OVIEDO,OVIEDO JIMENEZ,Bryan Josue,B. OVIEDO,1990-02-18,DF,Sunderland (ENG),1.72,43,1,Costa Rica,futebol,0
9,Daniel COLINDRES,COLINDRES SOLERA,Daniel,D. COLINDRES,1985-01-10,MF,Saprissa (CRC),1.8,12,0,Costa Rica,futebol,0
10,Bryan RUIZ,RUIZ GONZALEZ,Bryan Jafet,BRYAN,1985-08-18,MF,Sporting CP (POR),1.87,111,24,Costa Rica,futebol,0.2
11,Johan VENEGAS,VENEGAS ULLOA,Johan Alberto,J. VENEGAS,1988-11-27,FW,Saprissa (CRC),1.83,49,10,Costa Rica,futebol,0.2
12,Joel CAMPBELL,CAMPBELL SAMUELS,Joel Nathaniel,J. CAMPBELL,1992-06-26,FW,Real Betis (ESP),1.78,78,15,Costa Rica,futebol,0.2
13,Rodney WALLACE,WALLACE BURNS,Rodney,R. WALLACE,1988-06-17,MF,New York City Football Club (USA),1.8,28,4,Costa Rica,futebol,0.1
14,Randall AZOFEIFA,AZOFEIFA CORRALES,Randall,R. AZOFEIFA,1984-12-30,MF,Herediano (CRC),1.82,59,3,Costa Rica,futebol,0.1
15,Francisco CALVO,CALVO QUESADA,Francisco Javier,F. CALVO,1992-07-08,DF,Minnesota (USA),1.8,38,4,Costa Rica,futebol,0.1
16,Cristian GAMBOA,GAMBOA LUNA,Cristian Esteban,C. GAMBOA,1989-10-24,DF,Celtic (SCO),1.75,70,3,Costa Rica,futebol,0
17,Yeltsin TEJEDA,TEJEDA VALVERDE,Yeltsin Ignacio,Y. TEJEDA,1992-03-17,MF,Lausanne (SUI),1.79,50,0,Costa Rica,futebol,0
18,Patrick PEMBERTON,PEMBERTON BERNARD,Patrick Alberto,P. PEMBERTON,1982-04-24,GK,Alajuelense (CRC),1.78,39,0,Costa Rica,futebol,0
19,Kendall WASTON,WASTON MANLEY,Kendall Jamaal,K. WASTON,1988-01-01,DF,Vancouver Whitecaps (CAN),1.96,25,2,Costa Rica,futebol,0.1
20,David GUZMAN,GUZMAN PEREZ,David,D. GUZMAN,1990-02-18,MF,Portland Timbers (USA),1.76,47,0,Costa Rica,futebol,0
21,Marcos URENA,UREÑA PORRAS,Marcos Danilo,M. UREÑA,1990-03-05,FW,Los Angeles Football Club (USA),1.81,64,14,Costa Rica,futebol,0.2
22,Kenner GUTIERREZ,GUTIERREZ CERDAS,Kenner,K. GUTIERREZ,1989-06-09,DF,Alajuelense (CRC),1.78,9,0,Costa Rica,futebol,0
23,Leonel MOREIRA,MOREIRA LEDEZMA,Leonel Gerardo,L. MOREIRA,1990-04-02,GK,Herediano (CRC),1.79,9,0,Costa Rica,futebol,0
1,Dominik LIVAKOVIC,LIVAKOVIĆ,Dominik,LIVAKOVIĆ,1995-01-09,GK,Dinamo Zagreb (CRO),1.88,1,0,Croatia,futebol,0
2,Sime VRSALJKO,VRSALJKO,Šime,VRSALJKO,1992-01-10,DF,Atlético Madrid (ESP),1.81,37,0,Croatia,futebol,0
3,Ivan STRINIC,STRINIĆ,Ivan,STRINIĆ,1987-07-17,DF,Sampdoria (ITA),1.86,45,0,Croatia,futebol,0
4,Ivan PERISIC,PERIŠIĆ,Ivan,PERIŠIĆ,1989-02-02,FW,Internazionale (ITA),1.86,68,18,Croatia,futebol,0.3
5,Vedran CORLUKA,ĆORLUKA,Vedran,ĆORLUKA,1986-02-05,DF,Lokomotiv Moskva (RUS),1.92,100,4,Croatia,futebol,0
6,Dejan LOVREN,LOVREN,Dejan,LOVREN,1989-07-05,DF,Liverpool (ENG),1.88,41,2,Croatia,futebol,0
7,Ivan RAKITIC,RAKITIĆ,Ivan,RAKITIĆ,1988-03-10,MF,FC Barcelona (ESP),1.84,94,15,Croatia,futebol,0.2
8,Mateo KOVACIC,KOVAČIĆ,Mateo,KOVAČIĆ,1994-05-06,MF,Real Madrid (ESP),1.78,43,1,Croatia,futebol,0
9,Andrej KRAMARIC,KRAMARIĆ,Andrej,KRAMARIĆ,1991-06-19,FW,1899 Hoffenheim (GER),1.77,33,9,Croatia,futebol,0.3
10,Luka MODRIC,MODRIĆ,Luka,MODRIĆ,1985-09-09,MF,Real Madrid (ESP),1.72,108,14,Croatia,futebol,0.1
11,Marcelo BROZOVIC,BROZOVIĆ,Marcelo,BROZOVIĆ,1992-11-16,MF,Internazionale (ITA),1.81,37,6,Croatia,futebol,0.2
12,Lovre KALINIC,KALINIĆ,Lovre,L. KALINIĆ,1990-04-03,GK,AA Gent (BEL),2.01,11,0,Croatia,futebol,0
13,Tin JEDVAJ,JEDVAJ,Tin,JEDVAJ,1995-11-28,DF,Bayer Leverkusen (GER),1.84,12,0,Croatia,futebol,0
14,Filip BRADARIC,BRADARIĆ,Filip,BRADARIĆ,1992-01-11,MF,NK Rijeka (CRO),1.86,4,0,Croatia,futebol,0
15,Duje CALETA-CAR,ĆALETA-CAR,Duje,ĆALETA-CAR,1996-09-17,DF,Red Bull Salzburg (AUT),1.92,1,0,Croatia,futebol,0
16,Nikola KALINIC,KALINIĆ,Nikola,N. KALINIĆ,1988-01-05,FW,AC Milan (ITA),1.87,42,15,Croatia,futebol,0.4
17,Mario MANDZUKIC,MANDŽUKIĆ,Mario,MANDŽUKIĆ,1986-05-21,FW,Juventus (ITA),1.9,85,30,Croatia,futebol,0.4
18,Ante REBIC,REBIĆ,Ante,REBIĆ,1993-09-21,FW,Eintracht Frankfurt (GER),1.85,18,2,Croatia,futebol,0.1
19,Milan BADELJ,BADELJ,Milan,BADELJ,1989-02-25,MF,Fiorentina (ITA),1.86,38,1,Croatia,futebol,0
20,Marko PJACA,PJACA,Marko,PJACA,1995-05-06,FW,Schalke 04 (GER),1.86,17,1,Croatia,futebol,0.1
21,Domagoj VIDA,VIDA,Domagoj,VIDA,1989-04-29,DF,Besiktas (TUR),1.84,61,2,Croatia,futebol,0
22,Josip PIVARIC,PIVARIĆ,Josip,PIVARIĆ,1989-01-30,DF,Dynamo Kyiv (UKR),1.76,19,0,Croatia,futebol,0
23,Danijel SUBASIC,SUBAŠIĆ,Danijel,SUBAŠIĆ,1984-10-27,GK,AS Monaco (FRA),1.91,40,0,Croatia,futebol,0
1,Kasper SCHMEICHEL,SCHMEICHEL,Kasper Peter,SCHMEICHEL,1986-11-05,GK,Leicester (ENG),1.9,37,0,Denmark,futebol,0
2,Michael KROHN-DEHLI,KROHN-DEHLI,Michael,KROHN-DEHLI,1983-06-06,MF,Deportivo La Coruña (ESP),1.71,58,6,Denmark,futebol,0.1
3,Jannik VESTERGAARD,VESTERGAARD,Jannik,VESTERGAARD,1992-08-03,DF,Borussia Moenchengladbach (GER),2,16,1,Denmark,futebol,0.1
4,Simon KJAER,KJAER,Simon Thorup,KJÆR,1989-03-26,DF,Sevilla FC (ESP),1.91,77,3,Denmark,futebol,0
5,Jonas KNUDSEN,KNUDSEN,Jonas Hjort,KNUDSEN,1992-09-16,DF,Ipswich Town (ENG),1.87,3,0,Denmark,futebol,0
6,Andreas CHRISTENSEN,CHRISTENSEN,Andreas Bodtker,CHRISTENSEN,1996-04-10,DF,Chelsea (ENG),1.92,18,1,Denmark,futebol,0.1
7,William KVIST,KVIST,William Vitved,KVIST,1985-02-24,MF,FC København (DEN),1.85,81,2,Denmark,futebol,0
8,Thomas DELANEY,DELANEY,Thomas Joseph,DELANEY,1991-09-03,MF,Werder Bremen (GER),1.8,29,4,Denmark,futebol,0.1
9,Nicolai JORGENSEN,JORGENSEN,Nicolai Mick,N. JØRGENSEN,1991-01-15,FW,Feyenoord (NED),1.94,33,8,Denmark,futebol,0.2
10,Christian ERIKSEN,ERIKSEN,Christian Dannemann,ERIKSEN,1992-02-14,MF,Tottenham Hotspur (ENG),1.81,80,23,Denmark,futebol,0.3
11,Martin BRAITHWAITE,BRAITHWAITE,Martin Christensen,BRAITHWAITE,1991-06-05,FW,Girondins Bordeaux (FRA),1.8,22,1,Denmark,futebol,0
12,Kasper DOLBERG,RASMUSSEN,Kasper Dolberg,DOLBERG,1997-10-06,FW,Ajax (NED),1.87,6,1,Denmark,futebol,0.2
13,Mathias JORGENSEN,JORGENSEN,Mathias Jattah-Njie,M. JØRGENSEN,1990-04-23,DF,Huddersfield (ENG),1.91,13,0,Denmark,futebol,0
14,Henrik DALSGAARD,DALSGAARD,Henrik,DALSGAARD,1989-07-27,DF,Brentford (ENG),1.9,13,0,Denmark,futebol,0
15,Viktor FISCHER,FISCHER,Viktor Gorridsen,FISCHER,1994-06-09,FW,FC København (DEN),1.81,19,3,Denmark,futebol,0.2
16,Jonas LOSSL,LÖSSL,Jonas Bybjerg,LÖSSL,1989-02-01,GK,Huddersfield (ENG),1.95,1,0,Denmark,futebol,0
17,Jens Stryger LARSEN,LARSEN,Jens Stryger,STRYGER,1991-02-21,DF,Udinese (ITA),1.82,15,1,Denmark,futebol,0.1
18,Lukas LERAGER,LERAGER,Lukas Reiff,LERAGER,1993-07-12,MF,Girondins Bordeaux (FRA),1.86,4,0,Denmark,futebol,0
19,Lasse SCHONE,SCHÖNE,Lasse,SCHÖNE,1986-05-27,MF,Ajax (NED),1.78,38,3,Denmark,futebol,0.1
20,Yussuf Yurary POULSEN,POULSEN,Yussuf Yurary,YURARY,1994-06-15,FW,RasenBallsport Leipzig (GER),1.93,30,5,Denmark,futebol,0.2
21,Andreas CORNELIUS,CORNELIUS,Andreas Evald,CORNELIUS,1993-03-16,FW,Atalanta Bergamo (ITA),1.95,19,4,Denmark,futebol,0.2
22,Frederik RONNOW,RØNNOW,Frederik Riis,RØNNOW,1992-08-04,GK,Brøndby IF (DEN),1.9,6,0,Denmark,futebol,0
23,Pione SISTO,EMIRMIJA,Pione Sisto Ifolo,SISTO,1995-02-04,FW,Celta (ESP),1.73,16,1,Denmark,futebol,0.1
1,ESSAM ELHADARY,KAMAL TAWFIK EL HADARY,Essam,ELHADARY,1973-01-15,GK,Al Taawoun Football Club (KSA),1.9,158,0,Egypt,futebol,0
2,ALI GABR,GABR,Ali,ALI GABR,1989-01-01,DF,West Bromwich Albion FC (ENG),1.91,24,1,Egypt,futebol,0
3,AHMED ELMOHAMADY,ABDELFATTAH,Ahmed Elmohamady,ELMOHAMADY,1987-09-09,DF,Aston Villa (ENG),1.83,84,2,Egypt,futebol,0
4,OMAR GABER,GABER,Omar,O. GABER,1992-01-30,MF,Los Angeles Football Club (USA),1.75,24,0,Egypt,futebol,0
5,SAM MORSY,SAYED MORSY,Samy,MORSY,1991-09-10,MF,Wigan Athletic (ENG),1.73,6,0,Egypt,futebol,0
6,AHMED HEGAZY,HEGAZY,Ahmed Elsayed,A. HEGAZY,1991-01-25,DF,West Bromwich Albion FC (ENG),1.94,47,1,Egypt,futebol,0
7,AHMED FATHI,IBRAHIM,Ahmed Fathy Abdelmonem Ahmed,A. FATHI,1984-11-10,DF,Al Ahly Cairo (EGY),1.76,130,3,Egypt,futebol,0
8,TAREK HAMED,HAMED,Tarek,TAREK HAMED,1988-10-24,MF,Zamalek (EGY),1.69,25,0,Egypt,futebol,0
9,MARWAN MOHSEN,GAMALELDIN MAHMOUD FAHMY,Marwan Mohsen,MARWAN,1989-02-26,FW,Al Ahly Cairo (EGY),1.85,24,4,Egypt,futebol,0.2
10,MOHAMED SALAH,GHALY,Mohamed Salah,M SALAH,1992-06-15,FW,Liverpool (ENG),1.75,57,36,Egypt,futebol,0.6
11,KAHRABA,SOLIMAN,Mahmoud Abdelmoneim,M. KAHRABA,1994-04-13,FW,Al Ittihad (Jeddah) (KSA),1.82,24,3,Egypt,futebol,0.1
12,AYMAN ASHRAF,ELSEMBESKANY,Ayman Ashraf,A. ASHRAF,1991-04-09,DF,Al Ahly Cairo (EGY),1.76,3,1,Egypt,futebol,0.3
13,MOHAMED ABDELSHAFY,ABOUZID,Mohamed Abdelshafy Said,ABDELSHAFY,1985-07-01,DF,Al Fath (KSA),1.71,54,2,Egypt,futebol,0
14,RAMADAN SOBHY,AHMED,Ramadan Sobhy,RAMADAN,1997-01-23,FW,Stoke (ENG),1.83,27,1,Egypt,futebol,0
15,MAHMOUD HAMDY,ATTIA,Mahmoud Hamdy,M. HAMDY,1995-06-01,DF,Zamalek (EGY),1.73,1,0,Egypt,futebol,0
16,SHERIF EKRAMY,AHMED,Sherif Ekramy Ahmed,EKRAMY,1983-07-10,GK,Al Ahly Cairo (EGY),1.93,23,0,Egypt,futebol,0
17,MOHAMED ELNENY,ELNENY,Mohamed Nasser Elsayed,M. ELNENY,1992-07-11,MF,Arsenal (ENG),1.81,63,5,Egypt,futebol,0.1
18,SHIKABALA,FADLALA,Mahmoud Abdelrazek Hassan,SHIKABALA,1986-03-05,FW,Al-Raed Sports Club (KSA),1.83,32,2,Egypt,futebol,0.1
19,ABDALLA SAID,BEKHIT,Abdalla Mahmoud Said,ABDALLA,1985-07-13,MF,Kuopion Palloseura (FIN),1.76,40,6,Egypt,futebol,0.2
20,SAMIR SAAD,ALI,Saadeldin Samir Saad,S. SAMIR,1989-04-01,DF,Al Masry (EGY),1.83,11,0,Egypt,futebol,0
21,TREZIGUET,HASSAN,Mahmoud Ahmed Ibrahim,M. TREZIGUET,1994-10-01,MF,Kasimpasa SK (TUR),1.81,28,2,Egypt,futebol,0.1
22,AMR WARDA,WARDA,Amr Medhat,WARDA,1993-09-17,FW,Atromitos FC (GRE),1.79,19,0,Egypt,futebol,0
23,MOHAMED ELSHENAWY,ELSHENAWY GOMAA,Mohamed Elsayed Mohamed,M. ELSHENAWY,1988-12-18,GK,Al Ahly Cairo (EGY),1.91,5,0,Egypt,futebol,0
1,Jordan PICKFORD,PICKFORD,Jordan Lee,PICKFORD,1994-03-07,GK,Everton (ENG),1.85,4,0,England,futebol,0
2,Kyle WALKER,WALKER,Kyle Andrew,WALKER,1990-05-28,DF,Manchester City (ENG),1.78,36,0,England,futebol,0
3,Danny ROSE,ROSE,Daniel Lee,ROSE,1990-07-02,DF,Tottenham Hotspur (ENG),1.73,18,0,England,futebol,0
4,Eric DIER,DIER,Eric Jeremy Edgar,DIER,1994-01-15,MF,Tottenham Hotspur (ENG),1.88,27,3,England,futebol,0.1
5,John STONES,STONES,John,STONES,1994-05-28,DF,Manchester City (ENG),1.88,27,0,England,futebol,0
6,Harry MAGUIRE,MAGUIRE,Jacob Harry,MAGUIRE,1993-03-05,DF,Leicester (ENG),1.93,6,0,England,futebol,0
7,Jesse LINGARD,LINGARD,Jesse Ellis,LINGARD,1992-12-15,MF,Manchester United (ENG),1.75,13,1,England,futebol,0.1
8,Jordan HENDERSON,HENDERSON,Jordan Brian,HENDERSON,1990-06-17,MF,Liverpool (ENG),1.83,40,0,England,futebol,0
9,Harry KANE,KANE,Harry Edward,KANE,1993-07-28,FW,Tottenham Hotspur (ENG),1.88,25,15,England,futebol,0.6
10,Raheem STERLING,STERLING,Raheem,STERLING,1994-12-08,FW,Manchester City (ENG),1.7,39,2,England,futebol,0.1
11,Jamie VARDY,VARDY,Jamie Richard,VARDY,1987-01-11,FW,Leicester (ENG),1.78,22,7,England,futebol,0.3
12,Kieran TRIPPIER,TRIPPIER,Kieran John,TRIPPIER,1990-09-19,DF,Tottenham Hotspur (ENG),1.78,8,0,England,futebol,0
13,Jack BUTLAND,BUTLAND,Jack,BUTLAND,1993-03-10,GK,Stoke (ENG),1.96,8,0,England,futebol,0
14,Danny WELBECK,WELBECK,Daniel,WELBECK,1990-11-26,FW,Arsenal (ENG),1.84,39,16,England,futebol,0.4
15,Gary CAHILL,CAHILL,Gary James,CAHILL,1985-12-19,DF,Chelsea (ENG),1.91,60,5,England,futebol,0.1
16,Phil JONES,JONES,Philip Anthony,JONES,1992-02-21,DF,Manchester United (ENG),1.82,25,0,England,futebol,0
17,Fabian DELPH,DELPH,Fabian,DELPH,1989-11-21,DF,Manchester City (ENG),1.74,11,0,England,futebol,0
18,Ashley YOUNG,YOUNG,Ashley Simon,YOUNG,1985-07-09,DF,Manchester United (ENG),1.75,35,7,England,futebol,0.2
19,Marcus RASHFORD,RASHFORD,Marcus,RASHFORD,1997-10-31,FW,Manchester United (ENG),1.8,20,3,England,futebol,0.2
20,Dele ALLI,ALLI,Bamidele Jermaine,DELE,1996-04-11,MF,Tottenham Hotspur (ENG),1.88,26,2,England,futebol,0.1
21,Ruben LOFTUS-CHEEK,LOFTUS-CHEEK,Ruben Ira,LOFTUS-CHEEK,1996-01-23,MF,Chelsea (ENG),1.9,5,0,England,futebol,0
22,Trent ALEXANDER-ARNOLD,ALEXANDER-ARNOLD,Trent John,ALEXANDER-ARNOLD,1998-10-07,DF,Liverpool (ENG),1.75,1,0,England,futebol,0
23,Nick POPE,POPE,Nicholas David,POPE,1992-04-19,GK,Burnley (ENG),1.91,1,0,England,futebol,0
1,Hugo LLORIS,LLORIS,Hugo,LLORIS,1986-12-26,GK,Tottenham Hotspur (ENG),1.88,100,0,France,futebol,0
2,Benjamin PAVARD,PAVARD,Benjamin,PAVARD,1996-03-28,DF,VfB Stuttgart (GER),1.86,8,0,France,futebol,0
3,Presnel KIMPEMBE,KIMPEMBE,Presnel,KIMPEMBE,1995-08-13,DF,Paris Saint-Germain (FRA),1.82,2,0,France,futebol,0
4,Raphael VARANE,VARANE,Raphaël Xavier,VARANE,1993-04-25,DF,Real Madrid (ESP),1.91,44,2,France,futebol,0
5,Samuel UMTITI,UMTITI,Samuel,UMTITI,1993-11-14,DF,FC Barcelona (ESP),1.83,21,2,France,futebol,0.1
6,Paul POGBA,POGBA,Paul Labile,POGBA,1993-03-15,MF,Manchester United (ENG),1.91,56,9,France,futebol,0.2
7,Antoine GRIEZMANN,GRIEZMANN,Antoine,GRIEZMANN,1991-03-21,FW,Atlético Madrid (ESP),1.74,56,21,France,futebol,0.4
8,Thomas LEMAR,LEMAR,Thomas,LEMAR,1995-11-12,FW,AS Monaco (FRA),1.72,12,3,France,futebol,0.2
9,Olivier GIROUD,GIROUD,Olivier,GIROUD,1986-09-30,FW,Chelsea (ENG),1.93,76,31,France,futebol,0.4
10,Kylian MBAPPE,MBAPPE LOTTIN,Kylian,MBAPPE,1998-12-20,FW,Paris Saint-Germain (FRA),1.78,17,5,France,futebol,0.3
11,Ousmane DEMBELE,DEMBELE,Ousmane,DEMBELE,1997-05-15,FW,FC Barcelona (ESP),1.78,14,2,France,futebol,0.1
12,Corentin TOLISSO,TOLISSO,Corentin,TOLISSO,1994-08-03,MF,Bayern München (GER),1.8,10,0,France,futebol,0
13,Ngolo KANTE,KANTE,N'golo,KANTE,1991-03-29,MF,Chelsea (ENG),1.68,26,1,France,futebol,0
14,Blaise MATUIDI,MATUIDI,Blaise,MATUIDI,1987-04-09,MF,Juventus (ITA),1.8,69,9,France,futebol,0.1
15,Steven NZONZI,NZONZI,Steven,NZONZI,1988-12-15,MF,Sevilla FC (ESP),1.97,5,0,France,futebol,0
16,Steve MANDANDA,MANDANDA MPIDI,Steve,MANDANDA,1985-03-28,GK,Olympique Marseille (FRA),1.87,27,0,France,futebol,0
17,Adil RAMI,RAMI,Adil,RAMI,1985-12-27,DF,Olympique Marseille (FRA),1.9,35,1,France,futebol,0
18,Nabil FEKIR,FEKIR,Nabil,FEKIR,1993-07-18,FW,Olympique Lyon (FRA),1.73,14,2,France,futebol,0.1
19,Djibril SIDIBE,SIDIBE,Djibril,SIDIBE,1992-07-29,DF,AS Monaco (FRA),1.84,17,1,France,futebol,0.1
20,Florian THAUVIN,THAUVIN,Florian,THAUVIN,1993-01-26,FW,Olympique Marseille (FRA),1.8,4,0,France,futebol,0
21,Lucas HERNANDEZ,HERNANDEZ,Lucas,HERNANDEZ,1996-02-14,DF,Atlético Madrid (ESP),1.83,7,0,France,futebol,0
22,Benjamin MENDY,MENDY,Benjamin,MENDY,1994-07-17,DF,Manchester City (ENG),1.83,7,0,France,futebol,0
23,Alphonse AREOLA,AREOLA,Alphonse,AREOLA,1993-02-27,GK,Paris Saint-Germain (FRA),1.95,0,0,France,futebol,
1,Manuel NEUER,NEUER,Manuel Peter,NEUER,1986-03-27,GK,Bayern München (GER),1.93,77,0,Germany,futebol,0
2,Marvin PLATTENHARDT,PLATTENHARDT,Marvin,PLATTENHARDT,1992-01-26,DF,Hertha BSC (GER),1.81,7,0,Germany,futebol,0
3,Jonas HECTOR,HECTOR,Jonas Armin,HECTOR,1990-05-27,DF,1. FC Köln (GER),1.85,38,3,Germany,futebol,0.1
4,Matthias GINTER,GINTER,Matthias Lukas,GINTER,1994-01-19,DF,Borussia Moenchengladbach (GER),1.89,18,0,Germany,futebol,0
5,Mats HUMMELS,HUMMELS,Mats Julian,HUMMELS,1988-12-16,DF,Bayern München (GER),1.92,65,5,Germany,futebol,0.1
6,Sami KHEDIRA,KHEDIRA,Sami,KHEDIRA,1987-04-04,MF,Juventus (ITA),1.89,76,7,Germany,futebol,0.1
7,Julian DRAXLER,DRAXLER,Julian,DRAXLER,1993-09-20,MF,Paris Saint-Germain (FRA),1.85,45,6,Germany,futebol,0.1
8,Toni KROOS,KROOS,Toni,KROOS,1990-01-04,MF,Real Madrid (ESP),1.82,84,12,Germany,futebol,0.1
9,Timo WERNER,WERNER,Timo,WERNER,1996-03-06,FW,RasenBallsport Leipzig (GER),1.81,15,8,Germany,futebol,0.5
10,Mesut OEZIL,ÖZIL,Mesut,ÖZIL,1988-10-15,MF,Arsenal (ENG),1.8,91,23,Germany,futebol,0.3
11,Marco REUS,REUS,Marco,REUS,1989-05-31,FW,Borussia Dortmund (GER),1.8,32,9,Germany,futebol,0.3
12,Kevin TRAPP,TRAPP,Kevin,TRAPP,1990-07-08,GK,Paris Saint-Germain (FRA),1.89,3,0,Germany,futebol,0
13,Thomas MUELLER,MÜLLER,Thomas,MÜLLER,1989-09-13,MF,Bayern München (GER),1.86,92,38,Germany,futebol,0.4
14,Leon GORETZKA,GORETZKA,Leon Christoph,GORETZKA,1995-02-06,MF,Schalke 04 (GER),1.89,15,6,Germany,futebol,0.4
15,Niklas SUELE,SÜLE,Niklas,SÜLE,1995-09-03,DF,Bayern München (GER),1.95,11,0,Germany,futebol,0
16,Antonio RUEDIGER,RÜDIGER,Antonio,RÜDIGER,1993-03-03,DF,Chelsea (ENG),1.91,24,1,Germany,futebol,0
17,Jerome BOATENG,BOATENG,Jerome Agyenim,BOATENG,1988-09-03,DF,Bayern München (GER),1.92,72,1,Germany,futebol,0
18,Joshua KIMMICH,KIMMICH,Joshua Walter,KIMMICH,1995-02-08,DF,Bayern München (GER),1.76,30,3,Germany,futebol,0.1
19,Sebastian RUDY,RUDY,Sebastian,RUDY,1990-02-28,MF,Bayern München (GER),1.79,25,1,Germany,futebol,0
20,Julian BRANDT,BRANDT,Julian,BRANDT,1996-05-02,MF,Bayer Leverkusen (GER),1.83,17,1,Germany,futebol,0.1
21,Ilkay GUENDOGAN,GÜNDOGAN,Ilkay,GÜNDOGAN,1990-10-24,MF,Manchester City (ENG),1.8,26,4,Germany,futebol,0.2
22,Marc-Andre TER STEGEN,TER STEGEN,Marc-André,TER STEGEN,1992-04-30,GK,FC Barcelona (ESP),1.87,20,0,Germany,futebol,0
23,Mario GOMEZ,GOMEZ GARCIA,Mario,GOMEZ,1985-07-10,FW,VfB Stuttgart (GER),1.89,76,31,Germany,futebol,0.4
1,Hannes HALLDORSSON,HALLDORSSON,Hannes Thor,HALLDORSSON,1984-04-27,GK,Randers FC (DEN),1.93,51,0,Iceland,futebol,0
2,Birkir SAEVARSSON,SAEVARSSON,Birkir Mar,SÆVARSSON,1984-11-11,DF,Valur (ISL),1.86,81,1,Iceland,futebol,0
3,Samuel FRIDJONSSON,FRIDJONSSON,Samúel Kári,FRIDJÓNSSON,1996-02-22,MF,Vålerenga Fotball (NOR),1.85,4,1,Iceland,futebol,0.2
4,Albert GUDMUNDSSON,GUDMUNDSSON,Albert,A. GUDMUNDSSON,1997-06-15,MF,PSV (NED),1.77,5,3,Iceland,futebol,0.6
5,Sverrir INGASON,INGASON,Sverrir Ingi,INGASON,1993-08-05,DF,FK Rostov (RUS),1.88,21,3,Iceland,futebol,0.1
6,Ragnar SIGURDSSON,SIGURDSSON,Ragnar,R. SIGURDSSON,1986-06-19,DF,FK Rostov (RUS),1.87,79,3,Iceland,futebol,0
7,Johann GUDMUNDSSON,GUDMUNDSSON,Johann Berg,J. GUDMUNDSSON,1990-10-27,MF,Burnley (ENG),1.79,68,7,Iceland,futebol,0.1
8,Birkir BJARNASON,BJARNASON,Birkir,BJARNASON,1988-05-27,MF,Aston Villa (ENG),1.83,69,9,Iceland,futebol,0.1
9,Bjorn SIGURDARSON,SIGURDARSON,Bjorn Bergmann,SIGURDARSON,1991-02-26,FW,FK Rostov (RUS),1.87,15,1,Iceland,futebol,0.1
10,Gylfi SIGURDSSON,SIGURDSSON,Gylfi Thor,G. SIGURDSSON,1989-09-08,MF,Everton (ENG),1.86,59,19,Iceland,futebol,0.3
11,Alfred FINNBOGASON,FINNBOGASON,Alfred,FINNBOGASON,1989-02-01,FW,FC Augsburg (GER),1.85,49,14,Iceland,futebol,0.3
12,Frederik SCHRAM,SCHRAM,Frederik August Albrecht,SCHRAM,1995-01-19,GK,Roskilde BK (DEN),1.98,4,0,Iceland,futebol,0
13,Runar RUNARSSON,RÚNARSSON,Rúnar Alex,RÚNARSSON,1995-02-18,GK,FC Nordsjælland (DEN),1.86,3,0,Iceland,futebol,0
14,Kari ARNASON,ARNASON,Kari,ÁRNASON,1982-10-13,DF,Aberdeen (SCO),1.91,69,5,Iceland,futebol,0.1
15,Holmar EYJOLFSSON,EYJOLFSSON,Holmar Orn,EYJÓLFSSON,1990-08-06,DF,Levski Sofia (BUL),1.88,10,1,Iceland,futebol,0.1
16,Olafur SKULASON,SKULASON,Olafur Ingi,Ó. SKÚLASON,1983-04-01,MF,Karabukspor (TUR),1.84,36,1,Iceland,futebol,0
17,Aron GUNNARSSON,GUNNARSSON,Aron Einar,GUNNARSSON,1989-04-22,MF,Cardiff City (WAL),1.81,79,2,Iceland,futebol,0
18,Hordur MAGNUSSON,MAGNUSSON,Hordur Bjorgvin,MAGNÚSSON,1993-02-11,DF,Bristol City (ENG),1.91,18,2,Iceland,futebol,0.1
19,Rurik GISLASON,GISLASON,Rurik,GÍSLASON,1988-02-25,MF,SV Sandhausen (GER),1.84,49,3,Iceland,futebol,0.1
20,Emil HALLFREDSSON,HALLFREDSSON,Emil,HALLFREDSSON,1984-06-29,MF,Udinese (ITA),1.86,65,1,Iceland,futebol,0
21,Arnor TRAUSTASON,TRAUSTASON,Arnor Ingvi,TRAUSTASON,1993-04-30,MF,Malmö FF (SWE),1.83,19,5,Iceland,futebol,0.3
22,Jon BODVARSSON,BODVARSSON,Jon Dadi,BÖDVARSSON,1992-05-25,FW,Reading (ENG),1.89,39,2,Iceland,futebol,0.1
23,Ari SKULASON,SKULASON,Ari Freyr,A. SKÚLASON,1987-05-14,DF,Lokeren (BEL),1.7,58,0,Iceland,futebol,0
1,Ali BEIRANVAND,SAFARBEIRANVAND,Ali Reza,A. BEIRANVAND,1992-09-21,GK,Persepolis Football Club (IRN),1.94,24,0,IR Iran,futebol,0
2,Mahdi TORABI,TORABI,Mahdi,M. TORABI,1994-09-10,MF,Saipa (IRN),1.85,15,4,IR Iran,futebol,0.3
3,Ehsan HAJI SAFI,HAJI SAFI,Ehsan,HAJI SAFI,1990-02-25,DF,Olympiacos (GRE),1.78,96,6,IR Iran,futebol,0.1
4,Roozbeh CHESHMI,CHESHMI,Roozbeh,R. CHESHMI,1993-07-24,DF,Esteghlal Tehran (IRN),1.92,10,1,IR Iran,futebol,0.1
5,Milad MOHAMMADI,MOHAMMADI KESHMARZI,Milad,M. MOHAMMADI,1993-09-29,DF,FC Akhmat Grozny (RUS),1.78,20,0,IR Iran,futebol,0
6,Saeid EZATOLAHI,EZATOLAHI AFAGH,Saeid,S. EZATOLAHI,1996-10-01,MF,FK Amkar Perm (RUS),1.9,26,2,IR Iran,futebol,0.1
7,Masoud SHOJAEI,SOLEIMANI SHOJAEI,Masoud,SHOJAEI. M,1984-06-09,MF,AEK Athinai (GRE),1.87,75,8,IR Iran,futebol,0.1
8,Morteza POURALIGANJI,POURALIGANJI,Morteza,M. POURALIGANJI,1992-04-19,DF,Al Sadd (QAT),1.87,29,2,IR Iran,futebol,0.1
9,Omid EBRAHIMI,EBRAHIMI ZARANDINI,Omid,OMID,1987-09-16,MF,Esteghlal Tehran (IRN),1.78,31,0,IR Iran,futebol,0
10,Karim ANSARIFARD,ANSARIFARD,Karim,KARIM,1990-04-03,FW,Olympiacos (GRE),1.87,66,18,IR Iran,futebol,0.3
11,Vahid AMIRI,AMIRI,Vahid,V. AMIRI,1988-04-02,MF,Persepolis Football Club (IRN),1.79,37,1,IR Iran,futebol,0
12,Rashid MAZAHERI,MAZAHERI,Mohammad Rashid,RASHID,1989-05-18,GK,Zob Ahan Isfahan FC (IRN),1.92,3,0,IR Iran,futebol,0
13,Mohammad Reza KHANZADEH,KHANZADEH DARABY,Mohammad Reza,M.R. KHANZADEH,1991-05-11,DF,Padideh Khorasan Football Club (IRN),1.86,8,1,IR Iran,futebol,0.1
14,Saman GHODDOS,GHODDOOS,Seyed Saman,GHODDOS,1993-09-06,FW,IFK Östersund FK (SWE),1.77,9,1,IR Iran,futebol,0.1
15,Pejman MONTAZERI,MONTAZERI,Pejman,P. MONTAZERI,1983-09-06,DF,Esteghlal Tehran (IRN),1.85,46,1,IR Iran,futebol,0
16,Reza GHOOCHANNEJHAD,GHOOCHANNEJHAD NOURNIA,Reza,REZA,1987-09-20,FW,sc Heerenveen (NED),1.8,43,17,IR Iran,futebol,0.4
17,Mehdi TAREMI,TAREMI,Mehdi,MEHDI,1992-07-18,FW,Al Gharrafa (QAT),1.87,28,11,IR Iran,futebol,0.4
18,Alireza JAHANBAKHSH,JAHANBAKHSH JIRANDEH,Alireza,A. JAHANBAKHSH,1993-08-11,FW,AZ (NED),1.8,40,4,IR Iran,futebol,0.1
19,Majid HOSSEINI,HOSSEINI,Seyed Majid,M. HOSSEINI,1996-06-20,DF,Esteghlal Tehran (IRN),1.83,3,0,IR Iran,futebol,0
20,Sardar AZMOUN,AZMOUN,Sardar,SARDAR,1995-01-01,FW,Rubin Kazan (RUS),1.86,34,23,IR Iran,futebol,0.7
21,Ashkan DEJAGAH,DEJAGAH,Seyed Ashkan,DEJAGAH,1986-07-05,FW,Nottingham Forest FC (ENG),1.81,45,9,IR Iran,futebol,0.2
22,Amir ABEDZADEH,ABEDZADEH,Amir,ABEDZADEH,1993-04-26,GK,CS Marítimo (POR),1.86,1,0,IR Iran,futebol,0
23,Ramin REZAEIAN,REZAEIAN SEMESKANDI,Ramin,RAMIN,1990-03-21,DF,KV Oostende (BEL),1.85,28,2,IR Iran,futebol,0.1
1,Eiji KAWASHIMA,KAWASHIMA,Eiji,KAWASHIMA,1983-03-20,GK,FC Metz (FRA),1.85,85,0,Japan,futebol,0
2,Naomichi UEDA,UEDA,Naomichi,UEDA,1994-10-24,DF,Kashima Antlers (JPN),1.86,4,0,Japan,futebol,0
3,Gen SHOJI,SHOJI,Gen,SHOJI,1992-12-11,DF,Kashima Antlers (JPN),1.82,13,1,Japan,futebol,0.1
4,Keisuke HONDA,HONDA,Keisuke,HONDA,1986-06-13,MF,CF Pachuca (MEX),1.82,96,36,Japan,futebol,0.4
5,Yuto NAGATOMO,NAGATOMO,Yuto,NAGATOMO,1986-09-12,DF,Galatasaray (TUR),1.7,106,3,Japan,futebol,0
6,Wataru ENDO,ENDO,Wataru,ENDO,1993-02-09,DF,Urawa Reds (JPN),1.78,12,0,Japan,futebol,0
7,Gaku SHIBASAKI,SHIBASAKI,Gaku,SHIBASAKI,1992-05-28,MF,Getafe CF (ESP),1.75,19,3,Japan,futebol,0.2
8,Genki HARAGUCHI,HARAGUCHI,Genki,HARAGUCHI,1991-05-09,MF,Fortuna Duesseldorf (GER),1.78,34,6,Japan,futebol,0.2
9,Shinji OKAZAKI,OKAZAKI,Shinji,OKAZAKI,1986-04-16,FW,Leicester (ENG),1.74,114,50,Japan,futebol,0.4
10,Shinji KAGAWA,KAGAWA,Shinji,KAGAWA,1989-03-17,MF,Borussia Dortmund (GER),1.75,93,31,Japan,futebol,0.3
11,Takashi USAMI,USAMI,Takashi,USAMI,1992-05-06,MF,Fortuna Duesseldorf (GER),1.78,24,3,Japan,futebol,0.1
12,Masaaki HIGASHIGUCHI,HIGASHIGUCHI,Masaaki,HIGASHIGUCHI,1986-05-12,GK,Gamba Osaka (JPN),1.84,5,0,Japan,futebol,0
13,Yoshinori MUTO,MUTO,Yoshinori,MUTO,1992-07-15,FW,Mainz 05 (GER),1.79,23,2,Japan,futebol,0.1
14,Takashi INUI,INUI,Takashi,INUI,1988-06-02,MF,Eibar (ESP),1.69,28,4,Japan,futebol,0.1
15,Yuya OSAKO,OSAKO,Yuya,OSAKO,1990-05-18,FW,1. FC Köln (GER),1.82,30,8,Japan,futebol,0.3
16,Hotaru YAMAGUCHI,YAMAGUCHI,Hotaru,YAMAGUCHI,1990-10-06,MF,Cerezo Osaka (JPN),1.73,43,2,Japan,futebol,0
17,Makoto HASEBE,HASEBE,Makoto,HASEBE,1984-01-18,MF,Eintracht Frankfurt (GER),1.8,111,2,Japan,futebol,0
18,Ryota OHSHIMA,OHSHIMA,Ryota,OHSHIMA,1993-01-23,MF,Kawasaki Frontale (JPN),1.68,5,0,Japan,futebol,0
19,Hiroki SAKAI,SAKAI,Hiroki,H. SAKAI,1990-04-12,DF,Olympique Marseille (FRA),1.83,44,0,Japan,futebol,0
20,Tomoaki MAKINO,MAKINO,Tomoaki,MAKINO,1987-05-11,DF,Urawa Reds (JPN),1.82,32,4,Japan,futebol,0.1
21,Gotoku SAKAI,SAKAI,Gotoku,G. SAKAI,1991-03-14,DF,Hamburger SV (GER),1.76,41,0,Japan,futebol,0
22,Maya YOSHIDA,YOSHIDA,Maya,YOSHIDA,1988-08-24,DF,Southampton (ENG),1.89,83,10,Japan,futebol,0.1
23,Kosuke NAKAMURA,NAKAMURA,Kosuke,NAKAMURA,1995-02-27,GK,Kashiwa Reysol (JPN),1.84,4,0,Japan,futebol,0
1,KIM Seunggyu,KIM,Seunggyu,S G KIM,1990-09-30,GK,Vissel Kobe (JPN),1.87,33,0,Korea Republic,futebol,0
2,LEE Yong,LEE,Yong,Y LEE,1986-12-24,DF,Jeonbuk Motors (KOR),1.8,29,0,Korea Republic,futebol,0
3,JUNG Seunghyun,JUNG,Seunghyun,S H JUNG,1994-04-03,DF,Sagan Tosu Football Club (JPN),1.88,6,0,Korea Republic,futebol,0
4,OH Bansuk,OH,Bansuk,B S OH,1988-05-20,DF,Jeju United (KOR),1.89,2,0,Korea Republic,futebol,0
5,YUN Youngsun,YUN,Youngsun,Y S YUN,1988-10-04,DF,Seongnam Ilhwa Chunma (KOR),1.85,6,0,Korea Republic,futebol,0
6,PARK Jooho,PARK,Jooho,J H PARK,1987-01-16,DF,Ulsan Hyundai (KOR),1.74,37,0,Korea Republic,futebol,0
7,SON Heungmin,SON,Heungmin,H M SON,1992-07-08,FW,Tottenham Hotspur (ENG),1.83,68,21,Korea Republic,futebol,0.3
8,JU Sejong,JU,Sejong,S J JU,1990-10-30,MF,Asan Mugunghwa Football Club (KOR),1.76,10,1,Korea Republic,futebol,0.1
9,KIM Shinwook,KIM,Shinwook,S W KIM,1988-04-14,FW,Jeonbuk Motors (KOR),1.97,51,10,Korea Republic,futebol,0.2
10,LEE Seungwoo,LEE,Seungwoo,S W LEE,1998-01-06,MF,Verona (ITA),1.7,5,0,Korea Republic,futebol,0
11,HWANG Heechan,HWANG,Hee Chan,H C HWANG,1996-01-26,FW,Red Bull Salzburg (AUT),1.77,15,2,Korea Republic,futebol,0.1
12,KIM Minwoo,KIM,Minwoo,M W KIM,1990-02-25,DF,Sangmu (KOR),1.72,21,1,Korea Republic,futebol,0
13,KOO Jacheol,KOO,Jacheol,J C KOO,1989-02-27,MF,FC Augsburg (GER),1.82,69,19,Korea Republic,futebol,0.3
14,HONG Chul,HONG,Chul,C HONG,1990-09-17,DF,Sangmu (KOR),1.76,14,0,Korea Republic,futebol,0
15,JUNG Wooyoung,JUNG,Wooyoung,W Y JUNG,1989-12-14,MF,Vissel Kobe (JPN),1.86,30,1,Korea Republic,futebol,0
16,KI Sungyueng,KI,Sungyueng,S Y KI,1989-01-24,MF,Swansea City (WAL),1.86,103,10,Korea Republic,futebol,0.1
17,LEE Jaesung,LEE,Jaesung,J S LEE,1992-08-10,MF,Jeonbuk Motors (KOR),1.8,36,6,Korea Republic,futebol,0.2
18,MOON Seonmin,MOON,Seon Min,S M MOON,1992-06-09,MF,Incheon United (KOR),1.72,3,1,Korea Republic,futebol,0.3
19,KIM Younggwon,KIM,Younggwon,Y G KIM,1990-02-27,DF,Guangzhou Evergrande Taobao FC (CHN),1.84,54,2,Korea Republic,futebol,0
20,JANG Hyunsoo,JANG,Hyunsoo,H S JANG,1991-09-28,DF,FC Tokyo (JPN),1.87,52,3,Korea Republic,futebol,0.1
21,KIM Jinhyeon,KIM,Jinhyeon,J H KIM,1987-07-06,GK,Cerezo Osaka (JPN),1.93,15,0,Korea Republic,futebol,0
22,GO Yohan,GO,Yohan,Y H GO,1988-03-10,DF,FC Seoul (KOR),1.7,19,0,Korea Republic,futebol,0
23,JO Hyeonwoo,JO,Hyeonwoo,H W JO,1991-09-25,GK,Daegu FC (KOR),1.89,7,0,Korea Republic,futebol,0
1,Jose CORONA,CORONA RODRIGUEZ,Jose De Jesus,J. CORONA,1981-01-26,GK,Cruz Azul (MEX),1.82,54,0,Mexico,futebol,0
2,Hugo AYALA,AYALA CASTRO,Hugo,H. AYALA,1987-03-31,DF,Tigres (MEX),1.88,44,1,Mexico,futebol,0
3,Carlos SALCEDO,SALCEDO HERNANDEZ,Carlos Joel,C. SALCEDO,1993-09-29,DF,Eintracht Frankfurt (GER),1.89,22,0,Mexico,futebol,0
4,Rafael MARQUEZ,MARQUEZ ALVAREZ,Rafael,R. MÁRQUEZ,1979-02-13,DF,Atlas (MEX),1.84,146,15,Mexico,futebol,0.1
5,Erick GUTIERREZ,GUTIÉRREZ GALAVIZ,Erick Gabriel,E. GUTIÉRREZ,1995-06-15,MF,CF Pachuca (MEX),1.76,8,0,Mexico,futebol,0
6,Jonathan DOS SANTOS,DOS SANTOS RAMÍREZ,Jonathan,J. DOS SANTOS,1990-04-26,MF,LA Galaxy (USA),1.73,37,0,Mexico,futebol,0
7,Miguel LAYUN,LAYUN PRADO,Miguel Arturo,M. LAYÚN,1988-06-25,MF,Sevilla FC (ESP),1.8,65,6,Mexico,futebol,0.1
8,Marco FABIAN,FABIAN DE LA MORA,Marco Jhonfai,M. FABIÁN,1989-07-21,FW,Eintracht Frankfurt (GER),1.71,39,9,Mexico,futebol,0.2
9,Raul JIMENEZ,JIMENEZ RODRIGUEZ,Raul Alonso,RAÚL,1991-05-05,FW,Benfica (POR),1.88,64,14,Mexico,futebol,0.2
10,Giovani DOS SANTOS,DOS SANTOS RAMIREZ,Giovani,G. DOS SANTOS,1989-05-11,MF,LA Galaxy (USA),1.78,105,19,Mexico,futebol,0.2
11,Carlos VELA,VELA GARRIDO,Carlos Alberto,CARLOS V,1989-03-01,FW,Los Angeles Football Club (USA),1.78,69,18,Mexico,futebol,0.3
12,Alfredo TALAVERA,TALAVERA DIAZ,Alfredo,A. TALAVERA,1982-09-18,GK,Toluca (MEX),1.88,68,0,Mexico,futebol,0
13,Guillermo OCHOA,OCHOA MAGANA,Francisco Guillermo,G. OCHOA,1985-07-13,GK,Standard Liège (BEL),1.85,95,0,Mexico,futebol,0
14,Javier HERNANDEZ,HERNANDEZ BALCAZAR,Javier,J. HERNÁNDEZ,1988-06-01,FW,West Ham United (ENG),1.75,103,49,Mexico,futebol,0.5
15,Hector MORENO,MORENO HERRERA,Hector Alfredo,H. MORENO,1988-01-17,DF,Real Sociedad (ESP),1.82,93,3,Mexico,futebol,0
16,Hector HERRERA,HERRERA LOPEZ,Hector Miguel,H. HERRERA,1990-04-19,DF,FC Porto (POR),1.8,67,5,Mexico,futebol,0.1
17,Jesus CORONA,CORONA RUIZ,Jesus Manuel,JESÚS C.,1993-01-06,MF,FC Porto (POR),1.74,36,7,Mexico,futebol,0.2
18,Andres GUARDADO,GUARDADO HERNANDEZ,Jose Andres,A. GUARDADO,1986-09-28,MF,Real Betis (ESP),1.67,148,25,Mexico,futebol,0.2
19,Oribe PERALTA,PERALTA MORONES,Oribe,O. PERALTA,1984-01-12,FW,America (MEX),1.78,66,26,Mexico,futebol,0.4
20,Javier AQUINO,AQUINO CARMONA,Javier Ignacio,J. AQUINO,1990-02-11,MF,Tigres (MEX),1.66,53,0,Mexico,futebol,0
21,Edson ALVAREZ,ALVAREZ VELAZQUEZ,Edson Omar,E. ÁLVAREZ,1997-10-24,DF,America (MEX),1.86,14,1,Mexico,futebol,0.1
22,Hirving LOZANO,LOZANO BAHENA,Hirving Rodrigo,H. LOZANO,1995-07-30,FW,PSV (NED),1.76,29,8,Mexico,futebol,0.3
23,Jesus GALLARDO,GALLARDO VASCONCELOS,Jesus Daniel,J. GALLARDO,1994-08-15,MF,Pumas UNAM (MEX),1.77,24,0,Mexico,futebol,0
1,Yassine BOUNOU,BOUNOU,Yassine,BOUNOU,1991-04-05,GK,Girona Futbol Club (ESP),1.9,34,0,Morocco,futebol,0
2,Achraf HAKIMI,HAKIMI,Achraf,HAKIMI,1998-11-04,DF,Real Madrid (ESP),1.79,14,1,Morocco,futebol,0.1
3,Hamza MENDYL,MENDYL,Hamza,MENDYL,1997-10-21,DF,Lille OSC (FRA),1.79,16,0,Morocco,futebol,0
4,Manuel DA COSTA,DA COSTA TRINDADE,Manuel Marouan,DA COSTA,1986-05-06,DF,Istanbul Başakşehir (TUR),1.87,29,2,Morocco,futebol,0.1
5,Mehdi BENATIA,EL MOUTTAQUI,Mehdi Amine,BENATIA,1987-04-17,DF,Juventus (ITA),1.88,62,4,Morocco,futebol,0.1
6,Ghanem SAISS,SAISS,Ghanem,SAISS,1990-03-26,DF,Wolverhampton (ENG),1.9,27,2,Morocco,futebol,0.1
7,Hakim ZIYACH,ZIYACH,Hakim,ZIYACH,1993-03-19,MF,Ajax (NED),1.8,20,10,Morocco,futebol,0.5
8,Karim EL AHMADI,EL AHMADI AROUSSI,Karim,EL AHMADI,1985-01-27,MF,Feyenoord (NED),1.79,54,1,Morocco,futebol,0
9,Ayoub EL KAABI,EL KAABI,Ayoub,EL KAABI,1993-06-25,FW,RS Berkane (MAR),1.82,5,2,Morocco,futebol,0.4
10,Younes BELHANDA,BELHANDA,Younes,BELHANDA,1990-02-25,MF,Galatasaray (TUR),1.74,52,5,Morocco,futebol,0.1
11,Faycal FAJR,FAJR,Faycal,FAJR,1988-08-01,MF,Getafe CF (ESP),1.78,25,2,Morocco,futebol,0.1
12,Monir EL KAJOUI,EL KAJOUI,Monir,EL KAJOUI,1989-05-10,GK,Numancia (ESP),1.9,35,0,Morocco,futebol,0
13,Khalid BOUTAIB,BOUTAIB,Khalid,BOUTAIB,1987-04-24,FW,Malatyaspor (TUR),1.9,21,9,Morocco,futebol,0.4
14,Mbark BOUSSOUFA,BOUSSOUFA,M'bark,BOUSSOUFA,1984-08-15,MF,Al Jazeira (UAE),1.67,63,7,Morocco,futebol,0.1
15,Youssef AIT BENNASSER,AIT BENNASSER,Youssef,AIT BENNASSER,1996-07-07,MF,Caen (FRA),1.84,14,0,Morocco,futebol,0
16,Noureddine AMRABAT,AMRABAT,Noureddine,N. AMRABAT,1987-03-31,MF,Leganes (ESP),1.78,47,4,Morocco,futebol,0.1
17,Nabil DIRAR,DIRAR,Nabil,DIRAR,1986-02-25,DF,Fenerbahçe (TUR),1.87,39,5,Morocco,futebol,0.1
18,Amine HARIT,HARIT,Amine,HARIT,1997-06-18,MF,Schalke 04 (GER),1.79,8,0,Morocco,futebol,0
19,Youssef EN NESYRI,EN NESYRI,Youssef,EN-NESYRI,1997-06-01,FW,Malaga (ESP),1.88,16,2,Morocco,futebol,0.1
20,Aziz BOUHADDOUZ,BOUHADDOUZ,Aziz,BOUHADDOUZ,1987-03-30,FW,St. Pauli (GER),1.88,16,3,Morocco,futebol,0.2
21,Sofyan AMRABAT,AMRABAT,Sofyan,S. AMRABAT,1996-08-21,MF,Feyenoord (NED),1.83,7,0,Morocco,futebol,0
22,Ahmed TAGNAOUTI,TAGNAOUTI,Ahmed Reda,TAGNAOUTI,1996-04-05,GK,IRT Tanger (MAR),1.86,5,0,Morocco,futebol,0
23,Mehdi CARCELA,CARCELA GONZALEZ,Mehdi François,CARCELA,1989-07-01,MF,Standard Liège (BEL),1.76,22,1,Morocco,futebol,0
1,Ikechukwu EZENWA,EZENWA,Ikechukwu Vincent,EZENWA,1988-10-16,GK,Enyimba (NGA),1.81,24,0,Nigeria,futebol,0
2,Bryan IDOWU,IDOWU,Bryan Oladapo,IDOWU,1992-05-18,DF,FK Amkar Perm (RUS),1.79,7,1,Nigeria,futebol,0.1
3,Elderson ECHIEJILE,ECHIEJILE,Elderson Uwa,ECHIEJILE,1988-01-20,DF,Cercle Brugge (BEL),1.85,59,2,Nigeria,futebol,0
4,Wilfred NDIDI,NDIDI,Onyinye Wilfred,NDIDI,1996-12-16,MF,Leicester (ENG),1.84,19,0,Nigeria,futebol,0
5,William EKONG,EKONG,William Paul,EKONG,1993-09-01,DF,Bursaspor (TUR),1.91,23,1,Nigeria,futebol,0
6,Leon BALOGUN,BALOGUN,Leon Aderemi,BALOGUN,1988-06-28,DF,Mainz 05 (GER),1.9,21,0,Nigeria,futebol,0
7,Ahmed MUSA,MUSA,Ahmed,MUSA,1992-10-14,FW,CSKA Moskva (RUS),1.73,72,15,Nigeria,futebol,0.2
8,Oghenekaro ETEBO,ETEBO,Oghenekaro Peter,ETEBO,1995-11-09,MF,Las Palmas (ESP),1.74,14,1,Nigeria,futebol,0.1
9,Odion IGHALO,IGHALO,Odion Jude,IGHALO,1989-06-16,FW,Changchun Yatai (CHN),1.88,21,4,Nigeria,futebol,0.2
10,John Obi MIKEL,MIKEL,John Obi,MIKEL,1987-04-22,MF,Tianjin Teda (CHN),1.88,84,6,Nigeria,futebol,0.1
11,Victor MOSES,MOSES,Victor,MOSES,1990-12-12,FW,Chelsea (ENG),1.77,33,11,Nigeria,futebol,0.3
12,Abdullahi SHEHU,SHEHU,Abdullahi,SHEHU,1993-03-12,DF,Bursaspor (TUR),1.82,16,0,Nigeria,futebol,0
13,Simeon NWANKWO,NWANKWO,Simeon Tochukwu,NWANKWO,1992-05-07,FW,Crotone FC (ITA),1.97,3,0,Nigeria,futebol,0
14,Kelechi IHEANACHO,IHEANACHO,Kelechi Promise,IHEANACHO,1996-03-10,FW,Leicester (ENG),1.83,19,8,Nigeria,futebol,0.4
15,Joel OBI,OBI,Joel Chukwuma,OBI,1991-05-22,MF,Torino (ITA),1.77,17,0,Nigeria,futebol,0
16,Daniel AKPEYI,AKPEYI,Daniel,AKPEYI,1986-03-08,GK,Chippa United FC (RSA),1.87,6,0,Nigeria,futebol,0
17,Ogenyi ONAZI,ONAZI,Ogenyi Eddy,ONAZI,1992-12-25,MF,Trabzonspor (TUR),1.72,50,1,Nigeria,futebol,0
18,Alex IWOBI,IWOBI,Alexander Chuka,IWOBI,1996-05-03,FW,Arsenal (ENG),1.85,20,5,Nigeria,futebol,0.2
19,John OGU,OGU,Ugochukwu John,OGU,1988-04-20,MF,Hapoel Beer Sheva (ISR),1.91,19,2,Nigeria,futebol,0.1
20,Chidozie AWAZIEM,AWAZIEM,Chidozie Collins,AWAZIEM,1997-01-01,DF,Nantes (FRA),1.92,3,0,Nigeria,futebol,0
21,Tyronne EBUEHI,EBUEHI,Tyronne Efe,EBUEHI,1995-12-16,DF,ADO Den Haag (NED),1.87,8,0,Nigeria,futebol,0
22,Kenneth OMERUO,OMERUO,Kenneth Josiah,OMERUO,1993-10-17,DF,Kasimpasa SK (TUR),1.85,39,0,Nigeria,futebol,0
23,Francis UZOHO,UZOHO,Francis Odinaka,UZOHO,1998-10-28,GK,Deportivo La Coruña (ESP),1.96,8,0,Nigeria,futebol,0
1,Jaime PENEDO,PENEDO CANO,Jaime Manuel,PENEDO,1981-09-26,GK,Dinamo Bucuresti (ROU),1.83,132,0,Panama,futebol,0
2,Michael MURILLO,MURILLO BERMUDEZ,Michael Amir,MURILLO,1996-02-11,DF,New York (USA),1.83,23,2,Panama,futebol,0.1
3,Harold CUMMINGS,CUMMINGS SEGURA,Harold Oshkaly,CUMMINGS,1992-03-01,DF,San Jose Earthquakes (USA),1.83,47,0,Panama,futebol,0
4,Fidel ESCOBAR,ESCOBAR MENDIETA,Fidel,ESCOBAR,1995-01-09,DF,New York (USA),1.82,24,1,Panama,futebol,0
5,Roman TORRES,TORRES MORCILLO,Román,R. TORRES,1986-03-20,DF,Seattle Sounders Football Club (USA),1.88,109,10,Panama,futebol,0.1
6,Gabriel GOMEZ,GOMEZ GIRON,Gabriel Enrique,GOMEZ,1984-05-29,MF,Bucaramanga (COL),1.83,143,11,Panama,futebol,0.1
7,Blas PEREZ,PEREZ ORTEGA,Blas Antonio Miguel,PEREZ,1981-03-13,FW,Municipal (GUA),1.87,118,43,Panama,futebol,0.4
8,Edgar BARCENAS,BARCENAS HERRERA,Edgar Yoel,BARCENAS,1993-10-23,MF,Cafetaleros de Tapachula (MEX),1.75,30,0,Panama,futebol,0
9,Gabriel TORRES,TORRES TEJADA,Gabriel Arturo,G. TORRES,1988-10-31,FW,Huachipato (CHI),1.8,73,14,Panama,futebol,0.2
10,Ismael DIAZ,DIAZ DE LEON,Ismael,DIAZ,1997-05-12,FW,Deportivo La Coruña (ESP),1.81,9,2,Panama,futebol,0.2
11,Armando COOPER,COOPER WHITAKER,Armando Enrique,COOPER,1987-11-26,MF,Universidad de Chile (CHI),1.73,98,7,Panama,futebol,0.1
12,Jose CALDERON,CALDERON FRIAS,Jose De Jesus,CALDERON,1985-08-14,GK,Chorrillo (PAN),1.87,32,0,Panama,futebol,0
13,Adolfo MACHADO,MACHADO,Adolfo Abdiel,MACHADO,1985-02-14,DF,Houston Dynamo (USA),1.82,76,1,Panama,futebol,0
14,Valentin PIMENTEL,PIMENTEL ARMUELLES,Valentin Enrique,PIMENTEL,1991-05-30,MF,Plaza Amador (PAN),1.89,23,1,Panama,futebol,0
15,Eric DAVIS,DAVIS GRAJALES,Eric Javier,DAVIS,1991-03-31,DF,DAC Dunajska Streda (SVK),1.8,39,0,Panama,futebol,0
16,Abdiel ARROYO,ARROYO MOLINAR,Abdiel,ARROYO,1993-12-13,FW,Alajuelense (CRC),1.83,33,5,Panama,futebol,0.2
17,Luis OVALLE,OVALLE VICTORIA,Luis Carlos,OVALLE,1988-09-07,DF,Olimpia (HON),1.78,25,0,Panama,futebol,0
18,Luis TEJADA,TEJADA HANSELL,Luis Carlos,TEJADA,1982-03-28,FW,Sport Boys Association (PER),1.83,105,43,Panama,futebol,0.4
19,Ricardo AVILA,AVILA,Ricardo,AVILA,1997-02-04,MF,AA Gent (BEL),1.82,5,0,Panama,futebol,0
20,Anibal GODOY,GODOY LEMUS,Anibal Casis,GODOY,1990-02-10,MF,San Jose Earthquakes (USA),1.83,89,1,Panama,futebol,0
21,Jose Luis RODRIGUEZ,RODRIGUEZ FRANCIS,José Luis,J. RODRIGUEZ,1998-06-19,MF,AA Gent (BEL),1.8,3,0,Panama,futebol,0
22,Alex RODRIGUEZ,RODRIGUEZ LEDEZMA,Alex Raul,RODRIGUEZ,1990-08-05,GK,San Francisco (PAN),1.97,6,0,Panama,futebol,0
23,Felipe BALOY,BALOY RAMIREZ,Felipe Abdiel,BALOY,1981-02-24,DF,Municipal (GUA),1.85,100,3,Panama,futebol,0
1,Pedro GALLESE,GALLESE QUIROZ,Pedro David,GALLESE,1990-02-23,GK,Veracruz (MEX),1.89,41,0,Peru,futebol,0
2,Alberto RODRIGUEZ,RODRIGUEZ VALDELOMAR,Alberto Junior,RODRIGUEZ,1984-03-31,DF,Junior (COL),1.79,75,0,Peru,futebol,0
3,Aldo CORZO,CORZO CHAVEZ,Aldo Sebastian,CORZO,1989-05-20,DF,Universitario (PER),1.72,24,0,Peru,futebol,0
4,Anderson SANTAMARIA,SANTAMARIA BARDALES,Anderson,SANTAMARIA,1992-01-10,DF,Puebla FC (MEX),1.83,7,0,Peru,futebol,0
5,Miguel ARAUJO,ARAUJO BLANCO,Miguel Gianpierre,ARAUJO,1994-10-24,DF,Alianza Lima (PER),1.78,8,0,Peru,futebol,0
6,Miguel TRAUCO,TRAUCO SAAVEDRA,Miguel Angel,TRAUCO,1992-08-25,DF,Flamengo (BRA),1.69,28,0,Peru,futebol,0
7,Paolo HURTADO,HURTADO HUERTAS,Christopher Paolo César,HURTADO,1990-07-27,MF,Guimaraes (POR),1.74,33,3,Peru,futebol,0.1
8,Christian CUEVA,CUEVA BRAVO,Christian Alberto,CUEVA,1991-11-23,MF,São Paulo (BRA),1.69,47,8,Peru,futebol,0.2
9,Paolo GUERRERO,GUERRERO GONZALES,Jose Paolo,GUERRERO,1984-01-01,FW,Flamengo (BRA),1.85,91,35,Peru,futebol,0.4
10,Jefferson FARFAN,FARFAN GUADALUPE,Jefferson Agustin,FARFAN,1984-10-26,FW,Lokomotiv Moskva (RUS),1.77,86,25,Peru,futebol,0.3
11,Raul RUIDIAZ,RUIDIAZ MISITICH,Raul Mario,RUIDIAZ,1990-07-25,FW,Monarcas Morelia (MEX),1.69,32,4,Peru,futebol,0.1
12,Carlos CACEDA,CACEDA OLLAGUEZ,Carlos Alberto,CACEDA,1991-09-27,GK,Deportivo Municipal (PER),1.84,6,0,Peru,futebol,0
13,Renato TAPIA,TAPIA CORTIJO,Renato Fabrizio,TAPIA,1995-07-28,MF,Feyenoord (NED),1.85,32,3,Peru,futebol,0.1
14,Andy POLO,POLO ANDRADE,Andy Jorman,POLO,1994-09-29,MF,Portland Timbers (USA),1.74,17,1,Peru,futebol,0.1
15,Christian RAMOS,RAMOS GARAGAY,Christian Guillermo Martin,RAMOS,1988-11-04,DF,Veracruz (MEX),1.82,72,3,Peru,futebol,0
16,Wilder CARTAGENA,CARTAGENA MENDOZA,Wilder Jose,CARTAGENA,1994-09-23,MF,Veracruz (MEX),1.79,3,0,Peru,futebol,0
17,Luis ADVINCULA,ADVINCULA CASTRILLON,Luis Jan Piers,ADVINCULA,1990-03-02,DF,Universidad Autónoma de Puebla (MEX),1.78,67,0,Peru,futebol,0
18,Andre CARRILLO,CARRILLO DIAZ,Andre Martin,CARRILLO,1991-06-14,FW,Watford (ENG),1.82,48,5,Peru,futebol,0.1
19,Yoshimar YOTUN,YOTUN FLORES,Victor Yoshimar,YOTUN,1990-04-07,MF,Orlando City SC (USA),1.72,75,2,Peru,futebol,0
20,Edison FLORES,FLORES PERALTA,Edison Michael,FLORES,1994-05-14,FW,AaB (DEN),1.7,31,9,Peru,futebol,0.3
21,Jose CARVALLO,CARVALLO ALONSO,Jose Aurelio,CARVALLO,1986-03-01,GK,Universidad Técnica (PER),1.82,6,0,Peru,futebol,0
22,Nilson LOYOLA,LOYOLA MORALES,Nilson Evair,LOYOLA,1994-10-26,DF,Foot Ball Club Melgar (PER),1.79,3,0,Peru,futebol,0
23,Pedro AQUINO,AQUINO SANCHEZ,Pedro Jesus,AQUINO,1995-04-13,MF,Universidad Autónoma de Puebla (MEX),1.74,15,0,Peru,futebol,0
1,Wojciech SZCZESNY,SZCZĘSNY,Wojciech Tomasz,SZCZĘSNY,1990-04-18,GK,Juventus (ITA),1.95,36,0,Poland,futebol,0
2,Michal PAZDAN,PAZDAN,Michal,PAZDAN,1987-09-21,DF,Legia Warszawa (POL),1.81,34,0,Poland,futebol,0
3,Artur JEDRZEJCZYK,JEDRZEJCZYK,Artur Marcin,JĘDRZEJCZYK,1987-11-04,DF,Legia Warszawa (POL),1.89,36,3,Poland,futebol,0.1
4,Thiago CIONEK,CIONEK,Thiago Rangel,CIONEK,1986-04-21,DF,Spal Ferrara (ITA),1.84,20,0,Poland,futebol,0
5,Jan BEDNAREK,BEDNAREK,Jan Kacper,BEDNAREK,1996-04-12,DF,Southampton (ENG),1.89,4,0,Poland,futebol,0
6,Jacek GORALSKI,GORALSKI,Jacek,GÓRALSKI,1992-09-21,MF,PFC Ludogorets Razgrad (BUL),1.72,5,0,Poland,futebol,0
7,Arkadiusz MILIK,MILIK,Arkadiusz Krystian,MILIK,1994-02-28,FW,SSC Napoli (ITA),1.86,41,12,Poland,futebol,0.3
8,Karol LINETTY,LINETTY,Karol,LINETTY,1995-02-02,MF,Sampdoria (ITA),1.76,20,1,Poland,futebol,0
9,Robert LEWANDOWSKI,LEWANDOWSKI,Robert,LEWANDOWSKI,1988-08-21,FW,Bayern München (GER),1.85,96,55,Poland,futebol,0.6
10,Grzegorz KRYCHOWIAK,KRYCHOWIAK,Grzegorz,KRYCHOWIAK,1990-01-29,MF,West Bromwich Albion FC (ENG),1.86,52,3,Poland,futebol,0.1
11,Kamil GROSICKI,GROSICKI,Kamil Pawel,GROSICKI,1988-06-08,MF,Hull City (ENG),1.8,58,12,Poland,futebol,0.2
12,Bartosz BIALKOWSKI,BIALKOWSKI,Bartosz Marek,BIAŁKOWSKI,1987-07-06,GK,Ipswich Town (ENG),1.94,1,0,Poland,futebol,0
13,Maciej RYBUS,RYBUS,Maciej,RYBUS,1989-08-19,MF,Lokomotiv Moskva (RUS),1.73,52,2,Poland,futebol,0
14,Lukasz TEODORCZYK,TEODORCZYK,Lukasz,TEODORCZYK,1991-06-03,FW,Anderlecht (BEL),1.85,17,4,Poland,futebol,0.2
15,Kamil GLIK,GLIK,Kamil Jacek,GLIK,1988-02-03,DF,AS Monaco (FRA),1.9,58,4,Poland,futebol,0.1
16,Jakub BLASZCZYKOWSKI,BŁASZCZYKOWSKI,Jakub,BŁASZCZYKOWSKI,1985-12-14,MF,VfL Wolfsburg (GER),1.75,100,20,Poland,futebol,0.2
17,Slawomir PESZKO,PESZKO,Slawomir Konrad,PESZKO,1985-02-19,MF,Lechia Gdansk (POL),1.73,43,2,Poland,futebol,0
18,Bartosz BERESZYNSKI,BERESZYNSKI,Bartosz,BERESZYŃSKI,1992-07-12,DF,Sampdoria (ITA),1.82,9,0,Poland,futebol,0
19,Piotr ZIELINSKI,ZIELINSKI,Piotr Sebastian,ZIELIŃSKI,1994-05-20,MF,SSC Napoli (ITA),1.77,34,5,Poland,futebol,0.1
20,Lukasz PISZCZEK,PISZCZEK,Lukasz Piotr,PISZCZEK,1985-06-03,DF,Borussia Dortmund (GER),1.84,64,3,Poland,futebol,0
21,Rafal KURZAWA,KURZAWA,Rafal Maciej,KURZAWA,1993-01-29,MF,Górnik Zabrze (POL),1.82,3,0,Poland,futebol,0
22,Lukasz FABIANSKI,FABIAŃSKI,Lukasz Marek,FABIANSKI,1985-04-18,GK,Swansea City (WAL),1.9,45,0,Poland,futebol,0
23,Dawid KOWNACKI,KOWNACKI,Dawid Igor,KOWNACKI,1997-03-14,FW,Sampdoria (ITA),1.85,3,1,Poland,futebol,0.3
1,RUI PATRICIO,DOS SANTOS PATRÍCIO,Rui Pedro,RUI PATRICIO,1988-02-15,GK,Sporting CP (POR),1.89,71,0,Portugal,futebol,0
2,BRUNO ALVES,REGUFE ALVES,Bruno Eduardo,B. ALVES,1981-11-27,DF,Rangers (SCO),1.87,96,11,Portugal,futebol,0.1
3,PEPE,DE LIMA FERREIRA,Kepler Laveran,PEPE,1983-02-26,DF,Besiktas (TUR),1.88,97,5,Portugal,futebol,0.1
4,MANUEL FERNANDES,TAVARES FERNANDES,Manuel Henrique,M. FERNANDES,1986-02-05,MF,Lokomotiv Moskva (RUS),1.74,14,3,Portugal,futebol,0.2
5,RAPHAEL GUERREIRO,GUERREIRO,Raphael Adelino José,RAPHAEL,1993-12-22,DF,Borussia Dortmund (GER),1.7,26,2,Portugal,futebol,0.1
6,JOSE FONTE,DA ROCHA FONTE,José Miguel,FONTE,1983-12-22,DF,Dalian Yifang Football Club (CHN),1.91,33,0,Portugal,futebol,0
7,CRISTIANO RONALDO,DOS SANTOS AVEIRO,Cristiano Ronaldo,RONALDO,1985-02-05,FW,Real Madrid (ESP),1.85,152,85,Portugal,futebol,0.6
8,JOAO MOUTINHO,IRIA SANTOS MOUTINHO,João Filipe,J. MOUTINHO,1986-09-08,MF,AS Monaco (FRA),1.7,112,7,Portugal,futebol,0.1
9,ANDRE SILVA,VALENTE DA SILVA,André Miguel,ANDRÉ SILVA,1995-11-06,FW,AC Milan (ITA),1.84,23,12,Portugal,futebol,0.5
10,JOAO MARIO,NAVAL DA COSTA EDUARDO,João Mário,J. MÁRIO,1993-01-19,MF,West Ham United (ENG),1.79,38,2,Portugal,futebol,0.1
11,BERNARDO SILVA,MOTA VEIGA DE CARVALHO E SILVA,Bernardo,BERNARDO,1994-08-10,MF,Manchester City (ENG),1.73,27,2,Portugal,futebol,0.1
12,ANTHONY LOPES,LOPES,Anthony,LOPES,1990-10-01,GK,Olympique Lyon (FRA),1.84,7,0,Portugal,futebol,0
13,RUBEN DIAS,DOS SANTOS GATO ALVES DIAS,Rúben,RUBEN DIAS,1997-05-14,DF,Benfica (POR),1.87,1,0,Portugal,futebol,0
14,WILLIAM,SILVA DE CARVALHO,William,WILLIAM,1992-04-07,MF,Sporting CP (POR),1.9,45,2,Portugal,futebol,0
15,RICARDO,BARBOSA PEREIRA,Ricardo Domingos,RICARDO,1993-10-06,DF,FC Porto (POR),1.74,4,0,Portugal,futebol,0
16,BRUNO FERNANDES,BORGES FERNANDES,Bruno Miguel,B. FERNANDES,1994-09-08,MF,Sporting CP (POR),1.83,8,1,Portugal,futebol,0.1
17,GONCALO GUEDES,GANCHINHO GUEDES,Gonçalo Manuel,G. GUEDES,1996-11-29,FW,Valencia CF (ESP),1.79,12,3,Portugal,futebol,0.2
18,GELSON MARTINS,BATALHA MARTINS,Gelson Dany,GELSON,1995-05-11,FW,Sporting CP (POR),1.73,19,0,Portugal,futebol,0
19,MARIO RUI,SILVA DUARTE,Mário Rui,MÁRIO RUI,1991-05-27,DF,SSC Napoli (ITA),1.68,4,0,Portugal,futebol,0
20,RICARDO QUARESMA,ANDRADE QUARESMA BERNARDO,Ricardo,QUARESMA,1983-09-26,FW,Besiktas (TUR),1.75,78,9,Portugal,futebol,0.1
21,CEDRIC,ALVES SOARES,Cédric Ricardo,CÉDRIC,1991-08-31,DF,Southampton (ENG),1.72,31,1,Portugal,futebol,0
22,BETO,BASTOS PIMPAREL,António Alberto,BETO,1982-05-01,GK,Goztepespor (TUR),1.83,14,0,Portugal,futebol,0
23,ADRIEN SILVA,PERRUCHET DA SILVA,Adrien Sébastien,ADRIEN,1989-03-15,MF,Leicester (ENG),1.76,25,1,Portugal,futebol,0
1,Igor AKINFEEV,AKINFEEV,Igor,AKINFEEV,1986-04-08,GK,CSKA Moskva (RUS),1.85,108,0,Russia,futebol,0
2,MARIO FERNANDES,FIGUEIRA FERNANDES,Mario,FERNANDES,1990-09-19,DF,CSKA Moskva (RUS),1.87,7,0,Russia,futebol,0
3,Ilya KUTEPOV,KUTEPOV,Ilya,KUTEPOV,1993-07-29,DF,Spartak Moskva (RUS),1.9,9,0,Russia,futebol,0
4,Sergey IGNASHEVICH,IGNASHEVICH,Sergey,IGNASHEVICH,1979-07-14,DF,CSKA Moskva (RUS),1.86,124,9,Russia,futebol,0.1
5,Andrey SEMENOV,SEMENOV,Andrey,SEMENOV,1989-03-24,DF,FC Akhmat Grozny (RUS),1.91,6,0,Russia,futebol,0
6,Denis CHERYSHEV,CHERYSHEV,Denis,CHERYSHEV,1990-12-26,MF,Villarreal CF (ESP),1.73,13,3,Russia,futebol,0.2
7,Daler KUZIAEV,KUZIAEV,Daler,KUZIAEV,1993-01-15,MF,Zenit St. Petersburg (RUS),1.82,8,0,Russia,futebol,0
8,Iury GAZINSKY,GAZINSKII,Iurii,GAZINSKII,1989-07-20,MF,Krasnodar (RUS),1.8,8,1,Russia,futebol,0.1
9,Alan DZAGOEV,DZAGOEV,Alan,DZAGOEV,1990-06-17,MF,CSKA Moskva (RUS),1.78,58,9,Russia,futebol,0.2
10,Fedor SMOLOV,SMOLOV,Fedor,SMOLOV,1990-02-09,FW,Krasnodar (RUS),1.85,34,12,Russia,futebol,0.4
11,Roman ZOBNIN,ZOBNIN,Roman,ZOBNIN,1994-02-11,MF,Spartak Moskva (RUS),1.85,14,0,Russia,futebol,0
12,Andrei LUNEV,LUNEV,Andrei,LUNEV,1991-11-13,GK,Zenit St. Petersburg (RUS),1.89,3,0,Russia,futebol,0
13,Fedor KUDRIASHOV,KUDRIASHOV,Fedor,KUDRIASHOV,1987-04-05,DF,Rubin Kazan (RUS),1.87,20,0,Russia,futebol,0
14,Vladimir GRANAT,GRANAT,Vladimir,GRANAT,1987-05-22,DF,Rubin Kazan (RUS),1.84,12,1,Russia,futebol,0.1
15,Alexey MIRANCHUK,MIRANCHUK,Alexey,AL MIRANCHUK,1995-10-17,MF,Lokomotiv Moskva (RUS),1.85,18,4,Russia,futebol,0.2
16,Anton MIRANCHUK,MIRANCHUK,Anton,AN MIRANCHUK,1995-10-17,MF,Lokomotiv Moskva (RUS),1.82,6,0,Russia,futebol,0
17,Aleksandr GOLOVIN,GOLOVIN,Aleksandr,GOLOVIN,1996-05-30,MF,CSKA Moskva (RUS),1.78,21,3,Russia,futebol,0.1
18,Yury ZHIRKOV,ZHIRKOV,Yury,ZHIRKOV,1983-08-20,MF,Zenit St. Petersburg (RUS),1.8,86,2,Russia,futebol,0
19,Alexander SAMEDOV,SAMEDOV,Alexander,SAMEDOV,1984-07-19,MF,Spartak Moskva (RUS),1.78,50,7,Russia,futebol,0.1
20,Vladimir GABULOV,GABULOV,Vladimir,GABULOV,1983-10-19,GK,Club Brugge (BEL),1.9,10,0,Russia,futebol,0
21,Aleksandr EROKHIN,EROKHIN,Aleksandr,EROKHIN,1989-10-13,MF,Zenit St. Petersburg (RUS),1.91,17,0,Russia,futebol,0
22,Artem DZYUBA,DZYUBA,Artem,DZYUBA,1988-08-22,FW,Arsenal Tula (RUS),1.96,25,13,Russia,futebol,0.5
23,Igor SMOLNIKOV,SMOLNIKOV,Igor,SMOLNIKOV,1988-08-08,DF,Zenit St. Petersburg (RUS),1.79,27,0,Russia,futebol,0
1,ABDULLAH ALMUAIOUF,ALMUAIOUF,Abdullah Ibrahim A,ABDULLAH,1987-01-23,GK,Al Hilal (KSA),1.78,9,0,Saudi Arabia,futebol,0
2,MANSOUR ALHARBI,ALHARBI,Mansour,MANSOUR,1987-10-19,DF,Al Ahli (KSA),1.73,39,1,Saudi Arabia,futebol,0
3,OSAMA HAWSAWI,HAWSAWI,Osama Abdulrzag M,OSAMA,1984-03-31,DF,Al Hilal (KSA),1.88,137,7,Saudi Arabia,futebol,0.1
4,ALI ALBULAYHI,ALBULAYHI,Ali Hadi M,ALI,1989-11-21,DF,Al Hilal (KSA),1.82,5,0,Saudi Arabia,futebol,0
5,OMAR HAWSAWI,HAWSAWI,Omar Ibrahim O,OMAR,1985-09-27,DF,Al Nasr (KSA),1.85,41,3,Saudi Arabia,futebol,0.1
6,MOHAMMED ALBURAYK,ALBURAYK,Mohammed Ibrahim M,ALBURAYK,1992-09-15,DF,Al Hilal (KSA),1.73,11,0,Saudi Arabia,futebol,0
7,SALMAN ALFARAJ,ALFARAJ,Salman Mohammed M,SALMAN,1989-08-01,MF,Al Hilal (KSA),1.79,41,2,Saudi Arabia,futebol,0
8,YAHIA ALSHEHRI,ALSHEHRI,Yahia Sulaiman Ali,YAHIA,1990-06-26,MF,Leganes (ESP),1.65,57,7,Saudi Arabia,futebol,0.1
9,HATAN BAHBRI,BAHBRI,Hatan Sultan,HATAN,1992-07-16,MF,Al Shabab (KSA),1.7,7,0,Saudi Arabia,futebol,0
10,MOHAMMED ALSAHLAWI,ALSAHLAWI,Mohammed Ibrahim Mohammad,ALSAHLAWI,1987-01-10,FW,Al Nasr (KSA),1.79,42,28,Saudi Arabia,futebol,0.7
11,ABDULMALEK ALKHAIBRI,ALKHAIBRI,Abdulmalek Abdullah A,ABDULMALEK,1986-03-13,MF,Al Hilal (KSA),1.77,33,0,Saudi Arabia,futebol,0
12,MOHAMED KANNO,KANNO,Mohamed Ibrahim A,KANNO,1994-09-22,MF,Al Hilal (KSA),1.92,7,1,Saudi Arabia,futebol,0.1
13,YASSER ALSHAHRANI,ALSHAHRANI,Yasir Gharsan S,YASSER,1992-05-25,DF,Al Hilal (KSA),1.7,37,0,Saudi Arabia,futebol,0
14,ABDULLAH OTAYF,OTAYF,Abdullah Ibrahim I,OTAYF,1992-08-03,MF,Al Hilal (KSA),1.77,15,1,Saudi Arabia,futebol,0.1
15,ABDULLAH ALKHAIBARI,ALKHAIBARI,Abdullah Mohammed,ALKHAIBARI,1996-08-16,MF,Al Shabab (KSA),1.75,5,0,Saudi Arabia,futebol,0
16,HUSSAIN ALMOQAHWI,ALMOQAHWI,Hussain Ali J,HUSSAIN,1988-03-24,MF,Al Ahli (KSA),1.74,17,1,Saudi Arabia,futebol,0.1
17,TAISEER ALJASSAM,ALJASSAM,Taiseer Jaber,TAISEER,1984-07-25,MF,Al Ahli (KSA),1.69,134,19,Saudi Arabia,futebol,0.1
18,SALEM ALDAWSARI,ALDAWSARI,Salem Mohammed S,SALEM,1991-08-19,MF,Villarreal CF (ESP),1.74,33,4,Saudi Arabia,futebol,0.1
19,FAHAD ALMUWALLAD,ALMUWALLAD ALHARBI,Fhad Mosaed,FAHAD,1994-09-14,FW,Levante UD (ESP),1.68,47,10,Saudi Arabia,futebol,0.2
20,MUHANNAD ASIRI,ABU RADIYAH,Muhannad Ahmed,MUHANNAD,1986-10-14,FW,Al Ahli (KSA),1.85,18,4,Saudi Arabia,futebol,0.2
21,YASSER ALMOSAILEM,ALMOSAILEM,Yasser Abdullah N,ALMOSAILEM,1984-02-27,GK,Al Ahli (KSA),1.86,32,0,Saudi Arabia,futebol,0
22,MOHAMMED ALOWAIS,ALOWAIS,Mohammed,ALOWAIS,1991-10-10,GK,Al Ahli (KSA),1.87,7,0,Saudi Arabia,futebol,0
23,MOTAZ HAWSAWI,HAWSAWI,Motaz Ali Hassan,MOTAZ,1992-02-17,DF,Al Ahli (KSA),1.8,16,0,Saudi Arabia,futebol,0
1,Abdoulaye DIALLO,DIALLO,Abdoulaye,DIALLO,1992-03-30,GK,Rennes (FRA),1.89,16,0,Senegal,futebol,0
2,Adama MBENGUE,MBENGUE,Adama,MBENGUE,1993-12-01,DF,Caen (FRA),1.8,3,0,Senegal,futebol,0
3,Kalidou KOULIBALY,KOULIBALY,Kalidou,KOULIBALY,1991-06-20,DF,SSC Napoli (ITA),1.95,27,1,Senegal,futebol,0
4,Kara MBODJI,MBODJI,Serigne Modou Kara,KARA,1989-11-22,DF,Anderlecht (BEL),1.92,43,5,Senegal,futebol,0.1
5,Idrissa Gana GUEYE,GUEYE,Idrissa Gana,GANA,1989-09-26,MF,Everton (ENG),1.74,56,1,Senegal,futebol,0
6,Salif SANE,SANE,Salif,S. SANE,1990-08-25,MF,Hannover 96 (GER),1.96,19,0,Senegal,futebol,0
7,Moussa SOW,SOW,Moussa,SOW,1986-01-19,FW,Bursaspor (TUR),1.8,46,19,Senegal,futebol,0.4
8,Cheikhou KOUYATE,KOUYATE,Cheikhou,C. KOUYATE,1989-12-21,MF,West Ham United (ENG),1.89,49,3,Senegal,futebol,0.1
9,Mame DIOUF,DIOUF,Mame Biram,M. DIOUF,1987-12-16,FW,Stoke (ENG),1.85,45,10,Senegal,futebol,0.2
10,Sadio MANE,MANE,Sadio,MANE,1992-04-10,FW,Liverpool (ENG),1.75,53,14,Senegal,futebol,0.3
11,Cheikh NDOYE,N'DOYE,Cheikh Tidiane,CH. NDOYE,1986-03-29,MF,Birmingham City (ENG),1.92,28,3,Senegal,futebol,0.1
12,Youssouf SABALY,SABALY,Youssouf,SABALY,1993-03-05,DF,Girondins Bordeaux (FRA),1.74,7,0,Senegal,futebol,0
13,Alfred NDIAYE,N'DIAYE,Alfred John Momar,A. NDIAYE,1990-03-06,MF,Wolverhampton (ENG),1.86,17,1,Senegal,futebol,0.1
14,Moussa KONATE,KONATE,Moussa,KONATE,1993-04-03,FW,Amiens (FRA),1.8,27,9,Senegal,futebol,0.3
15,Diafra SAKHO,SAKHO,Diafra,SAKHO,1989-12-24,FW,Rennes (FRA),1.84,11,3,Senegal,futebol,0.3
16,Khadim NDIAYE,NDIAYE,Khadim,KH. NDIAYE,1985-04-05,GK,Horoya Athlétique Club (GUI),1.85,43,0,Senegal,futebol,0
17,Pape Alioune NDIAYE,NDIAYE,Pape Alioune,P.A. NDIAYE,1990-10-27,MF,Stoke (ENG),1.81,16,1,Senegal,futebol,0.1
18,Ismaila SARR,SARR,Ismaila,ISMAÏLA,1998-02-25,FW,Rennes (FRA),1.75,14,3,Senegal,futebol,0.2
19,Mbaye NIANG,NIANG,Mbaye Hamady,NIANG,1994-12-19,FW,Torino (ITA),1.84,9,1,Senegal,futebol,0.1
20,Keita BALDE,BALDE DIAO,Keita,KEÏTA BALDE,1995-03-08,FW,AS Monaco (FRA),1.81,18,3,Senegal,futebol,0.2
21,Lamine GASSAMA,GASSAMA,Lamine,GASSAMA,1989-10-20,DF,Adanaspor (TUR),1.81,39,0,Senegal,futebol,0
22,Moussa WAGUE,WAGUE,Moussa,M. WAGUE,1998-10-04,DF,Eupen (BEL),1.77,8,0,Senegal,futebol,0
23,Alfred GOMIS,GOMIS,Amigo Alfred Junior,GOMIS,1993-09-05,GK,Spal Ferrara (ITA),1.96,5,0,Senegal,futebol,0
1,Vladimir STOJKOVIC,STOJKOVIĆ,Vladimir,STOJKOVIĆ,1983-07-28,GK,Partizan Beograd (SRB),1.95,83,0,Serbia,futebol,0
2,Antonio RUKAVINA,RUKAVINA,Antonio,RUKAVINA,1984-01-26,DF,Villarreal CF (ESP),1.77,48,0,Serbia,futebol,0
3,Dusko TOSIC,TOŠIĆ,Duško,TOŠIĆ,1985-01-19,DF,Besiktas (TUR),1.85,26,1,Serbia,futebol,0
4,Luka MILIVOJEVIC,MILIVOJEVIĆ,Luka,MILIVOJEVIĆ,1991-04-07,MF,Crystal Palace (ENG),1.86,30,1,Serbia,futebol,0
5,Uros SPAJIC,SPAJIC,Uros,SPAJIĆ,1993-02-13,DF,Anderlecht (BEL),1.88,5,0,Serbia,futebol,0
6,Branislav IVANOVIC,IVANOVIĆ,Branislav,IVANOVIĆ,1984-02-22,DF,Zenit St. Petersburg (RUS),1.85,105,13,Serbia,futebol,0.1
7,Andrija ZIVKOVIC,ŽIVKOVIĆ,Andrija,ŽIVKOVIĆ,1996-07-11,MF,Benfica (POR),1.69,10,0,Serbia,futebol,0
8,Aleksandar PRIJOVIC,PRIJOVIĆ,Aleksandar,PRIJOVIĆ,1990-04-21,FW,PAOK (GRE),1.91,10,1,Serbia,futebol,0.1
9,Aleksandar MITROVIC,MITROVIC,Aleksandar,MITROVIĆ,1994-09-16,FW,Fulham (ENG),1.89,40,17,Serbia,futebol,0.4
10,Dusan TADIC,TADIĆ,Dušan,TADIĆ,1988-11-20,MF,Southampton (ENG),1.81,55,12,Serbia,futebol,0.2
11,Aleksandar KOLAROV,KOLAROV,Aleksandar,KOLAROV,1985-11-10,DF,AS Roma (ITA),1.87,78,11,Serbia,futebol,0.1
12,Predrag RAJKOVIC,RAJKOVIĆ,Predrag,RAJKOVIĆ,1995-10-31,GK,Maccabi Tel Aviv (ISR),1.91,8,0,Serbia,futebol,0
13,Milos VELJKOVIC,VELJKOVIĆ,Miloš,VELJKOVIĆ,1995-09-26,DF,Werder Bremen (GER),1.88,2,0,Serbia,futebol,0
14,Milan RODIC,RODIĆ,Milan,RODIĆ,1991-04-02,DF,Crvena Zvezda (SRB),1.85,1,0,Serbia,futebol,0
15,Nikola MILENKOVIC,MILENKOVIĆ,Nikola,MILENKOVIĆ,1997-10-12,DF,Fiorentina (ITA),1.95,5,0,Serbia,futebol,0
16,Marko GRUJIC,GRUJIĆ,Marko,GRUJIĆ,1996-04-13,MF,Cardiff City (WAL),1.9,7,0,Serbia,futebol,0
17,Filip KOSTIC,KOSTIĆ,Filip,KOSTIĆ,1992-11-01,MF,Hamburger SV (GER),1.84,25,2,Serbia,futebol,0.1
18,Nemanja RADONJIC,RADONJIĆ,Nemanja,RADONJIĆ,1996-02-15,FW,Crvena Zvezda (SRB),1.85,4,0,Serbia,futebol,0
19,Luka JOVIC,JOVIĆ,Luka,JOVIĆ,1997-12-23,FW,Eintracht Frankfurt (GER),1.81,1,0,Serbia,futebol,0
20,Sergej MILINKOVIC-SAVIC,MILINKOVIĆ-SAVIĆ,Sergej,SERGEJ,1995-02-27,MF,Lazio (ITA),1.92,6,0,Serbia,futebol,0
21,Nemanja MATIC,MATIĆ,Nemanja,MATIĆ,1988-08-01,MF,Manchester United (ENG),1.94,42,2,Serbia,futebol,0
22,Adem LJAJIC,LJAJIĆ,Adem,LJAJIĆ,1991-09-29,MF,Torino (ITA),1.82,32,6,Serbia,futebol,0.2
23,Marko DMITROVIC,DMITROVIĆ,Marko,DMITROVIĆ,1992-01-24,GK,Eibar (ESP),1.94,2,0,Serbia,futebol,0
1,David DE GEA,DE GEA QUINTANA,David,DE GEA,1990-11-07,GK,Manchester United (ENG),1.9,31,0,Spain,futebol,0
2,Dani CARVAJAL,CARVAJAL RAMOS,Daniel,CARVAJAL,1992-01-11,DF,Real Madrid (ESP),1.73,16,0,Spain,futebol,0
3,Gerard PIQUE,PIQUÉ BERNABEU,Gerard,PIQUÉ,1987-02-02,DF,FC Barcelona (ESP),1.94,100,5,Spain,futebol,0
4,NACHO,FERNÁNDEZ IGLESIAS,José Ignacio,NACHO,1990-01-18,DF,Real Madrid (ESP),1.79,18,1,Spain,futebol,0.1
5,Sergio BUSQUETS,BUSQUETS BURGOS,Sergio,SERGIO,1988-07-16,MF,FC Barcelona (ESP),1.89,105,2,Spain,futebol,0
6,Andres INIESTA,INIESTA LUJAN,Andres,A. INIESTA,1984-05-11,MF,FC Barcelona (ESP),1.71,129,13,Spain,futebol,0.1
7,SAUL,ÑIGUEZ ESCLAPEZ,Saúl,SAÚL,1994-11-21,MF,Atlético Madrid (ESP),1.83,10,0,Spain,futebol,0
8,KOKE,RESURRECCIÓN MERODIO,Jorge,KOKE,1992-01-08,MF,Atlético Madrid (ESP),1.76,42,0,Spain,futebol,0
9,RODRIGO,MORENO MACHADO,Rodrigo,RODRIGO M.,1991-03-06,FW,Valencia CF (ESP),1.82,7,2,Spain,futebol,0.3
10,THIAGO,ALCANTARA DO NASCIMENTO,Thiago,THIAGO,1991-04-11,MF,Bayern München (GER),1.74,30,2,Spain,futebol,0.1
11,Lucas VAZQUEZ,VÁZQUEZ IGLESIAS,Lucas,LUCAS V.,1991-07-01,FW,Real Madrid (ESP),1.73,9,0,Spain,futebol,0
12,Alvaro ODRIOZOLA,ODRIOZOLA ARZALLUS,Álvaro,ODRIOZOLA,1995-12-14,DF,Real Sociedad (ESP),1.78,4,1,Spain,futebol,0.2
13,Kepa ARRIZABALAGA,ARRIZABALAGA REVUELTA,Kepa,ARRIZABALAGA,1994-10-03,GK,Athletic Club (ESP),1.89,1,0,Spain,futebol,0
14,Cesar AZPILICUETA,AZPILICUETA TANCO,César,AZPILICUETA,1989-08-28,DF,Chelsea (ENG),1.78,22,0,Spain,futebol,0
15,Sergio RAMOS,RAMOS GARCIA,Sergio,RAMOS,1986-03-30,DF,Real Madrid (ESP),1.83,154,13,Spain,futebol,0.1
16,Nacho MONREAL,MONREAL ERASO,Ignacio,MONREAL,1986-02-26,DF,Arsenal (ENG),1.79,22,1,Spain,futebol,0
17,Iago ASPAS,ASPAS JUNCAL,Iago,IAGO ASPAS,1987-08-01,FW,Celta (ESP),1.76,11,5,Spain,futebol,0.5
18,Jordi ALBA,ALBA RAMOS,Jordi,JORDI ALBA,1989-03-21,DF,FC Barcelona (ESP),1.7,64,8,Spain,futebol,0.1
19,Diego COSTA,DA SILVA COSTA,Diego,DIEGO COSTA,1988-10-07,FW,Atlético Madrid (ESP),1.85,22,10,Spain,futebol,0.5
20,Marco ASENSIO,ASENSIO WILLEMSEN,Marco,ASENSIO,1996-01-21,MF,Real Madrid (ESP),1.82,13,0,Spain,futebol,0
21,David SILVA,JIMENEZ SILVA,David Josue,SILVA,1986-01-08,FW,Manchester City (ENG),1.7,123,35,Spain,futebol,0.3
22,ISCO,ALARCON SUAREZ,Francisco Roman,ISCO,1992-04-21,MF,Real Madrid (ESP),1.76,30,10,Spain,futebol,0.3
23,Pepe REINA,REINA PAEZ,José Manuel,REINA,1982-08-31,GK,SSC Napoli (ITA),1.88,36,0,Spain,futebol,0
1,Robin OLSEN,OLSEN,Robin Patrick,OLSEN,1990-01-08,GK,FC København (DEN),1.98,19,0,Sweden,futebol,0
2,Mikael LUSTIG,LUSTIG,Carl Mikael,LUSTIG,1986-12-13,DF,Celtic (SCO),1.89,67,6,Sweden,futebol,0.1
3,Victor LINDELOF,NILSSON LINDELÖF,Victor Jörgen,LINDELÖF,1994-07-17,DF,Manchester United (ENG),1.87,21,1,Sweden,futebol,0
4,Andreas GRANQVIST,GRANQVIST,Andreas,GRANQVIST,1985-04-16,DF,Krasnodar (RUS),1.92,73,7,Sweden,futebol,0.1
5,Martin OLSSON,OLSSON,Martin Tony Waikwa,OLSSON,1988-05-17,DF,Swansea City (WAL),1.77,43,5,Sweden,futebol,0.1
6,Ludwig AUGUSTINSSON,AUGUSTINSSON,Hans Carl Ludwig,AUGUSTINSSON,1994-04-21,DF,Werder Bremen (GER),1.81,16,0,Sweden,futebol,0
7,Sebastian LARSSON,LARSSON,Bengt Ulf Sebastian,LARSSON,1985-06-06,MF,Hull City (ENG),1.78,101,6,Sweden,futebol,0.1
8,Albin EKDAL,EKDAL,Albin,EKDAL,1989-07-28,MF,Hamburger SV (GER),1.86,35,0,Sweden,futebol,0
9,Marcus BERG,BERG,Bengt Erik Markus,BERG,1986-08-17,FW,Al Ain (UAE),1.83,58,18,Sweden,futebol,0.3
10,Emil FORSBERG,FORSBERG,Emil Peter,FORSBERG,1991-10-23,MF,RasenBallsport Leipzig (GER),1.79,37,6,Sweden,futebol,0.2
11,John GUIDETTI,GUIDETTI,John Alberto,GUIDETTI,1992-04-15,FW,Alavés (ESP),1.85,20,1,Sweden,futebol,0
12,Karl-Johan JOHNSSON,JOHNSSON,Karl-Johan Anton,JOHNSSON,1990-01-28,GK,Guingamp (FRA),1.87,5,0,Sweden,futebol,0
13,Gustav SVENSSON,SVENSSON,Karl Gustav Johan,SVENSSON,1987-02-07,MF,Seattle Sounders Football Club (USA),1.83,14,0,Sweden,futebol,0
14,Filip HELANDER,HELANDER,Filip Viktor,HELANDER,1993-04-22,DF,Bologna (ITA),1.92,4,0,Sweden,futebol,0
15,Oscar HILJEMARK,HILJEMARK,Oscar Karl Niclas,HILJEMARK,1992-06-28,MF,Genoa (ITA),1.84,23,2,Sweden,futebol,0.1
16,Emil KRAFTH,KRAFT,Emil Henry Kristoffer,KRAFTH,1994-08-02,DF,Bologna (ITA),1.81,13,0,Sweden,futebol,0
17,Viktor CLAESSON,CLAESSON,Viktor Johan Anton,CLAESSON,1992-01-02,MF,Krasnodar (RUS),1.83,23,3,Sweden,futebol,0.1
18,Pontus JANSSON,JANSSON,Pontus Sven Gustav,JANSSON,1991-02-13,DF,Leeds (ENG),1.94,16,0,Sweden,futebol,0
19,Marcus ROHDEN,ROHDÉN,Marcus Christer,ROHDÉN,1991-05-11,MF,Crotone FC (ITA),1.82,12,1,Sweden,futebol,0.1
20,Ola TOIVONEN,TOIVONEN,Nils Ola,TOIVONEN,1986-07-03,FW,Toulouse FC (FRA),1.92,60,13,Sweden,futebol,0.2
21,Jimmy DURMAZ,DURMAZ,Jakup Jimmy,DURMAZ,1989-03-22,MF,Toulouse FC (FRA),1.8,45,3,Sweden,futebol,0.1
22,Isaac Kiese THELIN,THELIN,Isaac Kiese,KIESE THELIN,1992-06-24,FW,Beveren (BEL),1.89,21,2,Sweden,futebol,0.1
23,Kristoffer NORDFELDT,NORDFELDT,Bo Kristoffer,NORDFELDT,1989-06-23,GK,Swansea City (WAL),1.9,8,0,Sweden,futebol,0
1,Yann SOMMER,SOMMER,Yann,SOMMER,1988-12-17,GK,Borussia Moenchengladbach (GER),1.83,37,0,Switzerland,futebol,0
2,Stephan LICHTSTEINER,LICHTSTEINER,Stephan,LICHTSTEINER,1984-01-16,DF,Juventus (ITA),1.81,102,8,Switzerland,futebol,0.1
3,Francois MOUBANDJE,MOUBANDJE,Jacques Francois,MOUBANDJE,1990-06-21,DF,Toulouse FC (FRA),1.8,18,0,Switzerland,futebol,0
4,Nico ELVEDI,ELVEDI,Nico,ELVEDI,1996-09-30,DF,Borussia Moenchengladbach (GER),1.87,6,0,Switzerland,futebol,0
5,Manuel AKANJI,AKANJI,Manuel Obafemi,AKANJI,1995-07-19,DF,Borussia Dortmund (GER),1.86,9,0,Switzerland,futebol,0
6,Michael LANG,LANG,Michael Rico,LANG,1991-02-08,DF,FC Basel (SUI),1.85,25,2,Switzerland,futebol,0.1
7,Breel EMBOLO,EMBOLO,Breel Donald,EMBOLO,1997-02-14,FW,Schalke 04 (GER),1.84,27,3,Switzerland,futebol,0.1
8,Remo FREULER,FREULER,Remo Marco,FREULER,1992-04-15,MF,Atalanta Bergamo (ITA),1.81,10,0,Switzerland,futebol,0
9,Haris SEFEROVIC,SEFEROVIC,Haris,SEFEROVIC,1992-02-22,FW,Benfica (POR),1.86,53,12,Switzerland,futebol,0.2
10,Granit XHAKA,XHAKA,Granit,XHAKA,1992-09-27,MF,Arsenal (ENG),1.83,64,10,Switzerland,futebol,0.2
11,Valon BEHRAMI,BEHRAMI,Valon,BEHRAMI,1985-04-19,MF,Udinese (ITA),1.84,81,2,Switzerland,futebol,0
12,Yvon MVOGO,MVOGO NGANOMA,Yvon Landry,MVOGO,1994-06-06,GK,RasenBallsport Leipzig (GER),1.86,0,0,Switzerland,futebol,
13,Ricardo RODRIGUEZ,RODRIGUEZ ARAYA,Ricardo Ivan,RODRIGUEZ,1992-08-25,DF,AC Milan (ITA),1.8,55,5,Switzerland,futebol,0.1
14,Steven ZUBER,ZUBER,Steven,ZUBER,1991-08-17,MF,1899 Hoffenheim (GER),1.82,14,4,Switzerland,futebol,0.3
15,Blerim DZEMAILI,DZEMAILI,Blerim,DZEMAILI,1986-04-12,MF,Bologna (ITA),1.8,67,10,Switzerland,futebol,0.1
16,Gelson FERNANDES,TAVARES FERNANDES,Gelson Da Conceicao,G. FERNANDES,1986-09-02,MF,Eintracht Frankfurt (GER),1.8,67,2,Switzerland,futebol,0
17,Denis ZAKARIA,ZAKARIA LAKO LADO,Denis Lemi,ZAKARIA,1996-11-20,MF,Borussia Moenchengladbach (GER),1.89,11,0,Switzerland,futebol,0
18,Mario GAVRANOVIC,GAVRANOVIC,Mario,GAVRANOVIC,1989-11-24,FW,Dinamo Zagreb (CRO),1.75,15,5,Switzerland,futebol,0.3
19,Josip DRMIC,DRMIC,Josip,DRMIC,1992-08-08,FW,Borussia Moenchengladbach (GER),1.84,30,9,Switzerland,futebol,0.3
20,Johan DJOUROU,DJOUROU GBADJERE,Danon Issouf Johannes,DJOUROU,1987-01-18,DF,Antalyaspor (TUR),1.92,74,2,Switzerland,futebol,0
21,Roman BUERKI,BÜRKI,Roman,BÜRKI,1990-11-14,GK,Borussia Dortmund (GER),1.88,9,0,Switzerland,futebol,0
22,Fabian SCHAER,SCHÄR,Fabian Lukas,SCHÄR,1991-12-20,DF,Deportivo La Coruña (ESP),1.86,41,7,Switzerland,futebol,0.2
23,Xherdan SHAQIRI,SHAQIRI,Xherdan,SHAQIRI,1991-10-10,MF,Stoke (ENG),1.69,72,21,Switzerland,futebol,0.3
1,Farouk BEN MUSTAPHA,BEN MUSTAPHA,Farouk,BEN MUSTAPHA,1989-07-01,GK,Al Shabab (KSA),1.92,15,0,Tunisia,futebol,0
2,Syam BEN YOUSSEF,BEN YOUSSEF,Syam Habib,BEN YOUSSEF .S,1989-03-31,DF,Kasimpasa SK (TUR),1.89,43,1,Tunisia,futebol,0
3,Yohan BEN ALOUANE,BEN ALOUANE,Yohan,BEN ALOUANE,1987-03-28,DF,Leicester (ENG),1.85,4,0,Tunisia,futebol,0
4,Yassine MERIAH,MERIAH,Yassine,MERIAH,1993-07-02,DF,CS Sfaxien (TUN),1.83,17,1,Tunisia,futebol,0.1
5,Oussama HADDADI,HADDADI,Oussama,HADDADI,1992-01-28,DF,Dijon (FRA),1.85,8,1,Tunisia,futebol,0.1
6,Rami BEDOUI,BEDOUI,Rami,BEDOUI,1990-01-19,DF,ES du Sahel (TUN),1.87,10,3,Tunisia,futebol,0.3
7,Saifeddine KHAOUI,KHAOUI,Saifeddine,KHAOUI,1995-04-27,FW,Troyes (FRA),1.8,5,0,Tunisia,futebol,0
8,Fakhreddine BEN YOUSSEF,BEN YOUSSEF,Fakhreddine,BEN YOUSSEF .F,1991-06-23,FW,Al Ittifaq (KSA),1.89,40,5,Tunisia,futebol,0.1
9,Anice BADRI,BADRI,Anice,BADRI,1990-09-18,MF,Esperance (TUN),1.78,11,3,Tunisia,futebol,0.3
10,Wahbi KHAZRI,KHAZRI,Wahbi,KHAZRI,1991-02-08,FW,Rennes (FRA),1.82,37,12,Tunisia,futebol,0.3
11,Dylan BRONN,BRONN,Dylan Daniel Mahmoud,BRONN,1995-06-19,DF,AA Gent (BEL),1.86,6,0,Tunisia,futebol,0
12,Ali MAALOUL,MAALOUL,Ali,MAALOUL,1990-01-01,DF,Al Ahly Cairo (EGY),1.7,48,8,Tunisia,futebol,0.2
13,Ferjani SASSI,SASSI,Ferjani,SASSI,1992-03-18,MF,Al Nasr (KSA),1.86,42,4,Tunisia,futebol,0.1
14,Mohamed BEN AMOR,BEN AMOR,Mohamed Amine,BEN AMOR,1992-05-03,MF,Al Ahli (KSA),1.8,27,2,Tunisia,futebol,0.1
15,Ahmed KHALIL,KHALIL,Ahmed,KHALIL,1994-12-21,FW,Club Africain (TUN),1.87,2,0,Tunisia,futebol,0
16,Aymen MATHLOUTHI,MATHLOUTHI,Aymen,MATHLOUTHI,1984-09-14,GK,Al Batin Football Club (KSA),1.82,71,0,Tunisia,futebol,0
17,Ellyes SKHIRI,SKHIRI,Ellyes Joris,SKHIRI,1995-05-10,MF,Montpellier (FRA),1.85,6,0,Tunisia,futebol,0
18,Bassem SRARFI,SRARFI,Bassem,SRARFI,1997-06-25,FW,OGC Nice (FRA),1.76,5,0,Tunisia,futebol,0
19,Saber KHALIFA,KHALIFA,Saber,KHALIFA,1986-10-14,FW,Club Africain (TUN),1.85,45,7,Tunisia,futebol,0.2
20,Ghaylen CHAALELI,CHAALELI,Ghaylen,CHAALELI,1994-02-28,FW,Esperance (TUN),1.79,7,1,Tunisia,futebol,0.1
21,Hamdi NAGUEZ,NAGUEZ,Hamdi,NAGUEZ,1992-10-28,DF,Zamalek (EGY),1.86,17,5,Tunisia,futebol,0.3
22,Mouez HASSEN,HASSEN,Mouez,HASSEN,1995-03-05,GK,Chateauroux (FRA),1.86,4,0,Tunisia,futebol,0
23,Naim SLITI,SLITI,Naim,SLITI,1992-07-27,FW,Dijon (FRA),1.73,20,3,Tunisia,futebol,0.2
1,Fernando MUSLERA,MUSLERA MICOL,Nestor Fernando,F. MUSLERA,1986-06-16,GK,Galatasaray (TUR),1.9,99,0,Uruguay,futebol,0
2,Jose GIMENEZ,GIMENEZ DE VARGAS,José Maria,J.M. GIMENEZ,1995-01-20,DF,Atlético Madrid (ESP),1.85,44,6,Uruguay,futebol,0.1
3,Diego GODIN,GODIN LEAL,Diego Roberto,D. GODIN,1986-02-16,DF,Atlético Madrid (ESP),1.85,118,8,Uruguay,futebol,0.1
4,Guillermo VARELA,VARELA OLIVERA,Guillermo,G. VARELA,1993-03-24,DF,Peñarol (URU),1.73,5,0,Uruguay,futebol,0
5,Carlos SANCHEZ,SÁNCHEZ ARCOSA,Carlos Andrés,C. SANCHEZ,1984-12-02,MF,Monterrey (MEX),1.71,37,1,Uruguay,futebol,0
6,Rodrigo BENTANCUR,BENTANCUR COLMAN,Rodrigo,R. BENTANCUR,1997-06-25,MF,Juventus (ITA),1.87,9,0,Uruguay,futebol,0
7,Cristian RODRIGUEZ,RODRIGUEZ BAROTTI,Cristian Gabriel,C. RODRIGUEZ,1985-09-30,MF,Peñarol (URU),1.78,107,11,Uruguay,futebol,0.1
8,Nahitan NANDEZ,NANDEZ ACOSTA,Nahitan Michel,N. NANDEZ,1995-12-28,MF,Boca Juniors (ARG),1.71,14,0,Uruguay,futebol,0
9,Luis SUAREZ,SUAREZ DIAZ,Luis Alberto,L. SUAREZ,1987-01-24,FW,FC Barcelona (ESP),1.82,100,52,Uruguay,futebol,0.5
10,Giorgian DE ARRASCAETA,DE ARRASCAETA BENEDETTI,Giorgian Daniel,G. DE ARRASCAETA,1994-06-01,FW,Cruzeiro (BRA),1.72,15,2,Uruguay,futebol,0.1
11,Cristhian STUANI,STUANI CURBELO,Cristhian Ricardo,C. STUANI,1986-10-12,FW,Girona Futbol Club (ESP),1.86,41,5,Uruguay,futebol,0.1
12,Martin CAMPANA,CAMPAÑA DELGADO,Martín Nicolas,M. CAMPAÑA,1989-05-29,GK,Independiente (ARG),1.84,1,0,Uruguay,futebol,0
13,Gaston SILVA,SILVA PERDOMO,Gaston Alexis,G. SILVA,1994-03-05,DF,Independiente (ARG),1.85,17,0,Uruguay,futebol,0
14,Lucas TORREIRA,TORREIRA DI PASCUA,Lucas Sebastian,L. TORREIRA,1996-02-11,MF,Sampdoria (ITA),1.68,5,0,Uruguay,futebol,0
15,Matias VECINO,VECINO FALERO,Matias,M. VECINO,1991-08-24,MF,Internazionale (ITA),1.89,24,1,Uruguay,futebol,0
16,Maximiliano PEREIRA,PEREIRA PAEZ,Victorio Maximiliano,M. PEREIRA,1984-06-08,DF,FC Porto (POR),1.73,125,3,Uruguay,futebol,0
17,Diego LAXALT,LAXALT SUAREZ,Diego Sebastian,D. LAXALT,1993-02-07,MF,Genoa (ITA),1.78,7,0,Uruguay,futebol,0
18,Maximiliano GOMEZ,GÓMEZ GONZÁLEZ,Maximiliano,M. GOMEZ,1996-08-14,FW,Celta (ESP),1.86,5,0,Uruguay,futebol,0
19,Sebastian COATES,COATES NION,Sebastián,S. COATES,1990-10-07,DF,Sporting CP (POR),1.96,30,1,Uruguay,futebol,0
20,Jonathan URRETAVISCAYA,URRETAVISCAYA DA LUZ,Jonathan Matias,J. URRETAVISCAYA,1990-03-19,FW,Monterrey (MEX),1.72,4,0,Uruguay,futebol,0
21,Edinson CAVANI,CAVANI GOMEZ,Edinson Roberto,E. CAVANI,1987-02-14,FW,Paris Saint-Germain (FRA),1.88,103,42,Uruguay,futebol,0.4
22,Martin CACERES,CÁCERES SILVA,José Martín,M. CACERES,1987-04-07,DF,Lazio (ITA),1.78,78,4,Uruguay,futebol,0.1
23,Martin SILVA,SILVA LEITES,Martin Andres,M. SILVA,1983-03-25,GK,Clube de Regatas Vasco da Gama (BRA),1.87,11,0,Uruguay,futebol,0
