uf;municipio;data;eleitores
AC;assis_brasil;2010-03-31;4817
AC;bujari;2010-02-12;6712
AC;porto_acre;2015-12-05;11293
AC;rio_branco;2014-03-01;229844
AC;senador_guiomard;2016-03-30;15754
AC;xapuri;2015-12-05;11036
AL;agua_branca;2011-11-25;14639
AL;anadia;2011-12-09;13770
AL;arapiraca;2012-03-09;125352
AL;atalaia;2011-12-16;29615
AL;barra_de_santo_antonio;2010-03-10;9178
AL;barra_de_sao_miguel;2012-03-09;5205
AL;batalha;2011-12-16;10973
AL;belem;2012-03-09;4801
AL;belo_monte;2011-12-16;4624
AL;boca_da_mata;2011-12-16;19741
AL;branquinha;2010-02-03;7818
AL;cacimbinhas;2011-12-09;6818
AL;cajueiro;2011-12-02;13990
AL;campestre;2012-01-13;4247
AL;campo_alegre;2011-12-05;22036
AL;campo_grande;2011-12-09;7483
AL;canapi;2011-12-09;13093
AL;capela;2011-12-02;13013
AL;carneiros;2011-12-08;5613
AL;cha_preta;2010-03-10;5732
AL;coite_do_noia;2010-02-11;8344
AL;colonia_leopoldina;2011-12-16;14552
AL;coqueiro_seco;2011-12-14;4155
AL;coruripe;2011-11-30;36536
AL;craibas;2012-03-09;15645
AL;delmiro_gouveia;2011-12-16;35174
AL;dois_riachos;2011-12-09;8766
AL;estrela_de_alagoas;2012-03-09;11984
AL;feira_grande;2012-03-09;15175
AL;feliz_deserto;2011-12-16;3210
AL;flexeiras;2011-10-31;7716
AL;girau_do_ponciano;2011-12-09;23416
AL;ibateguara;2011-11-22;10555
AL;igaci;2010-02-11;20156
AL;igreja_nova;2011-11-21;16982
AL;inhapi;2011-12-09;12544
AL;jacare_dos_homens;2011-12-16;4628
AL;jacuipe;2012-01-13;5312
AL;japaratinga;2011-12-05;5902
AL;jaramataia;2010-03-10;4637
AL;jequia_da_praia;2012-03-09;7983
AL;joaquim_gomes;2011-10-31;14195
AL;jundia;2012-01-13;3885
AL;junqueiro;2011-12-16;18570
AL;lagoa_da_canoa;2012-03-09;12793
AL;limoeiro_de_anadia;2011-11-29;16440
AL;maceio;2011-12-16;535648
AL;major_isidoro;2011-12-16;14747
AL;mar_vermelho;2011-11-22;3230
AL;maragogi;2011-12-05;17287
AL;maravilha;2011-12-22;8332
AL;marechal_deodoro;2011-11-14;30498
AL;maribondo;2010-02-03;11182
AL;mata_grande;2011-12-09;17327
AL;matriz_de_camaragibe;2011-11-22;17031
AL;messias;2011-12-13;11585
AL;minador_do_negrao;2011-12-09;3581
AL;monteiropolis;2011-12-13;5360
AL;murici;2011-12-13;18761
AL;novo_lino;2011-12-16;7982
AL;olho_d_agua_das_flores;2011-12-13;14034
AL;olho_d_agua_do_casado;2011-12-16;5597
AL;olho_d_agua_grande;2011-12-09;4122
AL;olivenca;2011-12-16;8645
AL;ouro_branco;2011-12-22;8235
AL;palestina;2011-11-24;3830
AL;palmeira_dos_indios;2012-03-09;51208
AL;pao_de_acucar;2011-11-24;17591
AL;pariconha;2011-11-25;7774
AL;paripueira;2011-12-16;7963
AL;passo_de_camaragibe;2011-12-16;10678
AL;paulo_jacinto;2011-09-12;5959
AL;penedo;2011-12-16;39100
AL;piacabucu;2011-12-16;12613
AL;pilar;2011-12-16;25285
AL;pindoba;2011-12-16;2390
AL;piranhas;2011-12-16;13594
AL;poco_das_trincheiras;2010-03-10;9763
AL;porto_calvo;2012-01-13;19862
AL;porto_de_pedras;2011-10-18;6260
AL;porto_real_do_colegio;2011-12-06;13689
AL;quebrangulo;2010-02-11;8951
AL;rio_largo;2010-03-19;48260
AL;roteiro;2012-03-09;4681
AL;santa_luzia_do_norte;2011-12-14;5485
AL;santana_do_ipanema;2011-12-16;30263
AL;santana_do_mundau;2011-11-22;7977
AL;sao_bras;2011-12-09;5379
AL;sao_jose_da_laje;2011-11-22;15578
AL;sao_jose_da_tapera;2011-12-08;19828
AL;sao_luis_do_quitunde;2011-12-16;22640
AL;sao_miguel_dos_campos;2012-03-09;36244
AL;sao_miguel_dos_milagres;2010-02-11;5753
AL;sao_sebastiao;2011-07-22;23314
AL;satuba;2011-12-14;9180
AL;senador_rui_palmeira;2011-12-08;8188
AL;tanque_d_arca;2011-12-09;4336
AL;taquarana;2011-12-16;13270
AL;teotonio_vilela;2011-12-16;28811
AL;traipu;2011-12-05;18336
AL;uniao_dos_palmares;2011-11-22;42461
AL;vicosa;2011-11-22;19753
AM;autazes;2016-02-26;22944
AM;careiro;2016-03-18;21120
AM;careiro_da_varzea;2013-08-30;15045
AM;iranduba;2014-03-21;27412
AM;itacoatiara;2014-03-28;60465
AM;manacapuru;2014-03-28;63184
AM;manaus;2016-03-30;1249333
AM;novo_airao;2013-12-06;8130
AM;presidente_figueiredo;2013-06-21;18240
AM;rio_preto_da_eva;2013-10-18;14292
AP;amapa;2014-03-28;5473
AP;calcoene;2014-03-28;7001
AP;cutias;2014-03-28;3389
AP;ferreira_gomes;2010-03-19;4004
AP;itaubal;2014-03-28;4061
AP;laranjal_do_jari;2014-03-28;26666
AP;macapa;2013-11-29;255209
AP;mazagao;2014-03-28;12261
AP;oiapoque;2014-03-28;18114
AP;pedra_branca_do_amapari;2014-03-28;7673
AP;porto_grande;2013-12-19;11234
AP;pracuuba;2014-03-28;2584
AP;santana;2013-12-06;66111
AP;serra_do_navio;2014-03-28;3212
AP;tartarugalzinho;2014-03-28;7164
AP;vitoria_do_jari;2014-03-28;9514
BA;adustina;2014-01-31;11476
BA;aiquara;2015-12-18;4418
BA;alagoinhas;2016-02-29;106413
BA;andorinha;2014-03-21;12224
BA;aracas;2015-12-18;10223
BA;aramari;2016-02-29;8150
BA;arataca;2014-03-28;6325
BA;aurelino_leal;2014-01-31;10797
BA;barra_do_rocha;2014-04-01;4510
BA;buerarema;2013-12-20;13231
BA;cabaceiras_do_paraguacu;2014-02-26;13083
BA;canavieiras;2014-03-31;25435
BA;candido_sales;2014-03-14;21084
BA;catolandia;2014-01-31;3273
BA;cocos;2013-12-19;14409
BA;coribe;2013-12-19;12373
BA;dario_meira;2015-12-18;8984
BA;dom_macedo_costa;2014-03-28;3681
BA;encruzilhada;2014-03-31;15780
BA;gongogi;2014-01-31;6435
BA;governador_mangabeira;2014-02-26;16222
BA;ibirataia;2014-04-01;16900
BA;ipiau;2014-04-01;30030
BA;irajuba;2015-10-16;5283
BA;itagi;2015-12-18;10486
BA;itagiba;2015-12-18;12085
BA;itaquara;2015-10-16;6226
BA;jaborandi;2013-12-19;7227
BA;jaguaquara;2015-10-16;35296
BA;jitauna;2015-12-18;14099
BA;madre_de_deus;2016-01-13;13810
BA;muritiba;2014-02-26;22597
BA;paripiranga;2014-01-31;22811
BA;pojuca;2009-12-17;21726
BA;ribeirao_do_largo;2014-03-31;8635
BA;santo_antonio_de_jesus;2014-03-28;63764
BA;sao_desiderio;2014-01-31;18751
BA;sao_francisco_do_conde;2016-01-13;28992
BA;sao_jose_da_vitoria;2014-03-28;4975
BA;senhor_do_bonfim;2014-03-21;47275
BA;ubaitaba;2014-01-31;16257
BA;una;2014-03-31;18186
BA;varzedo;2014-03-28;7156
CE;abaiara;2015-12-18;6683
CE;alcantaras;2013-12-13;8958
CE;altaneira;2016-03-18;5914
CE;amontada;2016-03-31;31116
CE;aquiraz;2013-11-29;45324
CE;aratuba;2016-03-31;10396
CE;banabuiu;2016-03-18;13698
CE;barbalha;2016-03-31;41915
CE;baturite;2016-03-31;27926
CE;bela_cruz;2016-03-31;21957
CE;brejo_santo;2016-03-31;33841
CE;camocim;2015-11-27;46281
CE;capistrano;2016-03-31;15254
CE;caridade;2016-03-18;15059
CE;carire;2016-03-31;15537
CE;caririacu;2016-03-18;23418
CE;carius;2016-03-18;15776
CE;crateus;2013-11-29;57464
CE;crato;2016-03-18;86177
CE;eusebio;2009-12-18;30601
CE;farias_brito;2016-03-31;16348
CE;forquilha;2013-12-13;17341
CE;frecheirinha;2016-03-31;11067
CE;granjeiro;2016-03-31;5269
CE;groairas;2016-03-31;8631
CE;horizonte;2016-03-31;48187
CE;ibiapina;2015-09-18;17818
CE;iguatu;2015-12-18;69298
CE;ipaporanga;2013-11-29;10071
CE;iraucuba;2016-03-18;17475
CE;itaitinga;2016-03-31;25581
CE;itapaje;2016-03-18;38226
CE;itapipoca;2016-03-18;85401
CE;itapiuna;2016-03-31;16250
CE;itarema;2016-03-31;28879
CE;jardim;2016-03-18;22099
CE;jati;2016-03-18;6573
CE;juazeiro_do_norte;2013-12-13;165949
CE;jucas;2016-03-18;19826
CE;limoeiro_do_norte;2015-11-27;43662
CE;maracanau;2016-03-31;149540
CE;marco;2016-03-18;20412
CE;meruoca;2016-03-18;10389
CE;milagres;2015-12-18;22362
CE;miraima;2016-03-31;11105
CE;missao_velha;2016-03-18;27919
CE;mulungu;2016-03-31;8574
CE;nova_olinda;2016-03-31;11981
CE;ocara;2016-03-18;20727
CE;paraipaba;2016-03-31;22542
CE;paramoti;2016-03-18;9985
CE;penaforte;2016-03-18;6800
CE;porteiras;2016-03-31;13356
CE;quixelo;2015-12-18;12882
CE;quixere;2016-03-18;16952
CE;santana_do_cariri;2016-03-31;13570
CE;sobral;2013-12-13;131478
CE;tejucuoca;2016-03-18;14230
CE;tiangua;2016-03-31;50312
CE;ubajara;2015-11-27;24304
CE;varzea_alegre;2016-03-31;30548
CE;vicosa_do_ceara;2016-03-18;42745
DF;brasilia;2014-03-31;1863883
ES;agua_doce_do_norte;2016-02-26;9794
ES;aguia_branca;2016-03-18;8017
ES;alegre;2014-04-02;24841
ES;apiaca;2013-09-13;6460
ES;baixo_guandu;2013-10-18;24377
ES;boa_esperanca;2013-12-19;11824
ES;bom_jesus_do_norte;2013-09-20;8270
ES;castelo;2010-01-29;28017
ES;divino_de_sao_lourenco;2015-12-11;3859
ES;domingos_martins;2013-10-04;26797
ES;dores_do_rio_preto;2011-11-11;6145
ES;ibiracu;2014-04-02;9294
ES;ibitirama;2015-07-31;7570
ES;itaguacu;2013-10-18;12304
ES;itapemirim;2014-04-02;26205
ES;itarana;2013-10-04;9593
ES;joao_neiva;2016-01-15;13168
ES;laranja_da_terra;2016-03-31;9435
ES;marechal_floriano;2016-03-04;12724
ES;marilandia;2016-02-24;10355
ES;mimoso_do_sul;2016-03-31;21580
ES;mucurici;2013-12-18;5069
ES;muniz_freire;2014-04-02;14812
ES;ponto_belo;2016-03-31;6206
ES;rio_novo_do_sul;2014-04-02;9715
ES;santa_leopoldina;2013-10-04;10515
ES;santa_teresa;2013-10-11;18849
ES;sao_domingos_do_norte;2016-03-22;7202
ES;sao_roque_do_canaa;2016-03-29;9612
ES;viana;2010-01-29;41591
ES;vila_pavao;2016-02-12;7302
ES;vila_valerio;2016-03-11;12008
ES;vitoria;2016-03-31;257311
GO;abadia_de_goias;2014-02-14;6257
GO;agua_fria_de_goias;2016-03-19;4445
GO;agua_limpa;2016-03-19;2135
GO;alto_horizonte;2016-03-12;5360
GO;alvorada_do_norte;2016-03-04;6101
GO;amaralina;2016-03-11;2670
GO;anapolis;2014-02-14;243795
GO;anhanguera;2015-12-18;1006
GO;aparecida_de_goiania;2014-02-14;273686
GO;apore;2016-03-19;3275
GO;aragoiania;2014-02-14;6855
GO;araguapaz;2016-03-12;6081
GO;arenopolis;2016-02-26;3280
GO;aruana;2016-03-19;5711
GO;aurilandia;2016-03-19;3298
GO;barro_alto;2016-03-12;7377
GO;bela_vista_de_goias;2014-02-14;18901
GO;brazabrantes;2014-02-14;2745
GO;buriti_alegre;2016-03-19;7367
GO;buritinopolis;2016-03-04;3118
GO;cachoeira_alta;2016-03-12;7495
GO;cachoeira_de_goias;2016-03-19;1587
GO;cachoeira_dourada;2016-03-11;7448
GO;caiaponia;2016-02-26;12434
GO;caldas_novas;2016-03-19;55834
GO;caldazinha;2014-02-14;3003
GO;campestre_de_goias;2014-02-14;3592
GO;campinorte;2016-03-12;8720
GO;campo_alegre_de_goias;2016-03-12;4611
GO;campo_limpo_de_goias;2014-02-14;5597
GO;campos_belos;2016-03-11;14258
GO;castelandia;2016-03-12;3556
GO;catalao;2016-01-29;64372
GO;caturai;2014-02-14;3887
GO;cezarina;2016-02-26;7403
GO;chapadao_do_ceu;2016-02-26;5764
GO;cidade_ocidental;2016-03-19;35787
GO;cocalzinho_de_goias;2012-04-01;11934
GO;corumba_de_goias;2012-04-01;7252
GO;corumbaiba;2016-01-31;6256
GO;cristianopolis;2016-02-26;3087
GO;cumari;2015-12-18;2509
GO;damianopolis;2016-03-04;3262
GO;damolandia;2014-02-14;3264
GO;davinopolis;2016-01-29;2458
GO;doverlandia;2016-02-05;5903
GO;edealina;2016-02-26;3570
GO;edeia;2016-02-26;8923
GO;estrela_do_norte;2016-02-26;2947
GO;faina;2016-03-11;6190
GO;firminopolis;2016-03-19;8037
GO;formoso;2016-02-19;4331
GO;goianapolis;2014-02-14;9594
GO;goianesia;2016-03-18;46494
GO;goiania;2012-03-23;909428
GO;goianira;2014-02-14;25347
GO;goias;2016-03-11;19816
GO;guapo;2014-02-14;11093
GO;guaraita;2016-02-26;2398
GO;hidrolandia;2009-12-07;13150
GO;inhumas;2014-02-14;39104
GO;ipameri;2016-03-12;19716
GO;itaguari;2016-03-12;4151
GO;itaguaru;2016-03-11;5069
GO;itaja;2016-03-19;3891
GO;itapuranga;2016-03-12;21123
GO;itumbiara;2016-03-11;71384
GO;ivolandia;2016-03-12;2995
GO;jatai;2016-03-12;64961
GO;lagoa_santa;2016-03-19;1401
GO;mambai;2016-03-04;5587
GO;mara_rosa;2016-03-11;8070
GO;marzagao;2016-03-19;1962
GO;maurilandia;2016-03-19;8520
GO;moipora;2016-02-26;2185
GO;monte_alegre_de_goias;2016-03-11;5429
GO;montividiu;2016-02-26;8440
GO;montividiu_do_norte;2016-02-19;3240
GO;morrinhos;2016-03-19;33237
GO;mossamedes;2016-03-19;4329
GO;mozarlandia;2016-03-19;10780
GO;mutunopolis;2016-02-26;3531
GO;neropolis;2014-02-14;20193
GO;nova_crixas;2016-03-12;8593
GO;nova_iguacu_de_goias;2016-03-12;2647
GO;nova_veneza;2014-02-14;6981
GO;ouro_verde_de_goias;2014-02-14;3960
GO;ouvidor;2016-01-29;5633
GO;palestina_de_goias;2016-01-19;3407
GO;palmeiras_de_goias;2016-02-26;18883
GO;palmelo;2016-02-26;2137
GO;palminopolis;2016-03-18;3783
GO;panama;2016-02-26;2495
GO;perolandia;2016-02-26;3002
GO;piracanjuba;2016-03-12;19100
GO;piranhas;2016-03-11;9450
GO;planaltina;2016-03-19;53672
GO;rialma;2016-03-18;8767
GO;rianapolis;2016-03-18;3894
GO;rio_quente;2016-03-19;3293
GO;rio_verde;2016-03-18;118315
GO;santa_cruz_de_goias;2016-02-26;2981
GO;santa_helena_de_goias;2016-03-19;28483
GO;santa_isabel;2016-03-18;3476
GO;santa_rita_do_novo_destino;2016-03-18;2611
GO;santa_tereza_de_goias;2016-02-19;3276
GO;santo_antonio_da_barra;2016-02-26;3653
GO;santo_antonio_de_goias;2014-02-14;5171
GO;santo_antonio_do_descoberto;2016-03-19;40108
GO;sao_luis_de_montes_belos;2016-03-11;23426
GO;senador_canedo;2014-02-14;58487
GO;serranopolis;2016-02-26;5370
GO;simolandia;2016-03-04;5328
GO;sitio_d_abadia;2016-03-04;2634
GO;taquaral_de_goias;2016-03-12;3928
GO;terezopolis_de_goias;2014-02-14;5745
GO;tres_ranchos;2016-01-29;3155
GO;trindade;2014-02-14;76296
GO;trombas;2016-02-19;2902
GO;turvania;2016-03-18;4459
GO;uruacu;2016-03-12;26346
GO;valparaiso_de_goias;2016-03-12;72988
GO;varjao;2016-03-19;3707
GO;vila_propicio;2016-03-18;4072
MA;acailandia;2016-02-29;73446
MA;bacabal;2016-02-19;64517
MA;bacurituba;2015-12-04;5168
MA;balsas;2015-12-10;54410
MA;barra_do_corda;2013-12-19;55056
MA;belagua;2016-03-31;5556
MA;benedito_leite;2012-02-16;4366
MA;cajapio;2010-12-08;8285
MA;caxias;2016-03-30;103749
MA;codo;2015-12-17;78212
MA;coroata;2016-01-29;44179
MA;esperantinopolis;2016-01-29;13661
MA;feira_nova_do_maranhao;2015-11-20;5682
MA;fernando_falcao;2013-12-19;6435
MA;fortaleza_dos_nogueiras;2015-12-11;9094
MA;imperatriz;2016-02-17;162542
MA;jenipapo_dos_vieiras;2013-12-19;10454
MA;junco_do_maranhao;2016-03-31;4378
MA;maracacume;2016-03-31;12312
MA;matinha;2016-02-26;17606
MA;matoes;2016-03-31;23025
MA;moncao;2015-11-29;19578
MA;nova_colinas;2015-11-06;4009
MA;nova_iorque;2012-12-08;3842
MA;paco_do_lumiar;2010-02-27;49959
MA;pastos_bons;2012-12-08;13194
MA;paulo_ramos;2016-02-19;14676
MA;peritoro;2015-10-30;15279
MA;pindare_mirim;2016-03-18;22517
MA;pocao_de_pedras;2016-01-29;15401
MA;raposa;2010-01-23;16474
MA;riachao;2015-09-01;14164
MA;santa_ines;2016-03-11;56457
MA;sao_bento;2016-02-19;26486
MA;sao_domingos_do_azeitao;2012-12-08;5626
MA;sao_joao_batista;2010-12-08;16858
MA;sao_jose_de_ribamar;2013-12-19;88168
MA;sao_luis;2013-12-19;676331
MA;sao_vicente_ferrer;2010-12-08;16559
MA;timbiras;2013-12-17;18962
MA;timon;2016-02-04;104917
MA;tufilandia;2016-03-31;5791
MA;urbano_santos;2016-03-31;19224
MA;viana;2016-01-12;34880
MG;abre_campo;2015-03-21;11154
MG;arantina;2015-12-18;2663
MG;arapora;2012-02-29;5741
MG;arapua;2015-03-10;3009
MG;belo_vale;2015-03-09;7690
MG;bom_jesus_do_amparo;2012-02-29;4617
MG;bras_pires;2013-08-30;4293
MG;cachoeira_dourada;2012-01-31;2495
MG;carvalhopolis;2015-12-18;3162
MG;cedro_do_abaete;2015-12-18;1390
MG;chacara;2015-12-18;2646
MG;chiador;2015-12-18;2988
MG;claro_dos_pocoes;2015-12-18;7474
MG;coimbra;2012-02-29;6124
MG;conceicao_dos_ouros;2015-12-18;8361
MG;cordislandia;2015-12-18;3078
MG;corrego_novo;2015-12-18;3664
MG;curvelo;2010-02-26;52103
MG;diogo_de_vasconcelos;2015-12-18;3819
MG;divinesia;2012-02-29;3236
MG;divinopolis;2013-11-29;158536
MG;dores_do_turvo;2013-08-30;4838
MG;douradoquara;2015-12-18;1897
MG;espinosa;2015-05-14;25244
MG;estrela_dalva;2012-02-29;2296
MG;faria_lemos;2012-02-29;3073
MG;frei_lagonegro;2015-12-18;3247
MG;galileia;2012-02-29;5368
MG;guaraciama;2015-12-18;5079
MG;guidoval;2015-12-18;6246
MG;ibitiura_de_minas;2015-12-18;3249
MG;irai_de_minas;2015-12-18;5657
MG;itaguara;2012-02-03;10032
MG;itapeva;2012-02-03;6784
MG;itueta;2015-12-18;5268
MG;joaquim_felicio;2015-12-18;3594
MG;juramento;2015-12-18;4431
MG;madre_de_deus_de_minas;2015-12-18;4301
MG;mar_de_espanha;2015-12-18;9679
MG;marmelopolis;2012-02-29;2874
MG;mata_verde;2012-02-29;6392
MG;miradouro;2015-03-12;8527
MG;montezuma;2012-02-03;5246
MG;morro_da_garca;2015-12-18;2758
MG;nova_belem;2015-12-18;3616
MG;nova_modica;2015-12-18;3252
MG;nova_porteirinha;2015-12-18;6070
MG;para_de_minas;2010-02-26;56713
MG;passabem;2015-12-18;1839
MG;pedra_bonita;2015-12-18;5497
MG;pedra_do_indaia;2015-12-18;3588
MG;piau;2015-12-18;2910
MG;ponte_nova;2010-02-26;43814
MG;prudente_de_morais;2015-12-18;7909
MG;romaria;2015-12-18;3276
MG;santa_barbara_do_monte_verde;2015-12-18;3309
MG;santa_efigenia_de_minas;2012-02-29;3878
MG;santa_rita_de_jacutinga;2015-12-18;4560
MG;santa_rita_do_itueto;2012-02-29;4987
MG;santana_de_cataguases;2015-12-18;3228
MG;santo_antonio_do_rio_abaixo;2012-01-31;1791
MG;santo_hipolito;2015-12-18;3119
MG;sao_bento_abade;2015-03-07;3990
MG;sao_domingos_das_dores;2015-12-18;5107
MG;sao_joao_del_rei;2010-02-26;64850
MG;sao_sebastiao_da_vargem_alegre;2015-12-18;2750
MG;sao_thome_das_letras;2015-12-18;5285
MG;senador_cortes;2015-12-18;2417
MG;senador_firmino;2013-08-30;6471
MG;senador_jose_bento;2015-02-13;2414
MG;senhora_de_oliveira;2015-12-18;5352
MG;seritinga;2015-12-18;1854
MG;serranos;2015-12-18;1951
MG;taparuba;2015-12-18;3149
MG;tapira;2013-05-31;4211
MG;tapirai;2015-12-18;2150
MG;umburatiba;2012-01-31;2476
MG;uniao_de_minas;2015-02-23;3479
MG;uruana_de_minas;2015-12-18;3105
MG;vieiras;2015-12-18;3566
MS;bandeirantes;2013-10-04;5695
MS;bonito;2015-12-18;16202
MS;camapua;2012-03-30;11404
MS;fatima_do_sul;2008-04-01;13794
MS;jaraguari;2013-10-04;5462
MS;jatei;2012-02-24;3448
MS;ribas_do_rio_pardo;2012-03-30;12565
MS;sidrolandia;2012-03-30;26679
MS;vicentina;2012-03-30;4625
MT;acorizal;2011-11-16;4996
MT;araguaiana;2013-05-31;2838
MT;araguainha;2015-10-07;886
MT;campo_verde;2010-12-08;24015
MT;campos_de_julio;2014-02-28;4106
MT;chapada_dos_guimaraes;2012-01-27;13809
MT;cocalinho;2013-06-14;4872
MT;indiavai;2013-07-19;2082
MT;jaciara;2016-03-31;19714
MT;jangada;2011-12-09;6285
MT;lucas_do_rio_verde;2013-11-21;33333
MT;luciara;2013-07-31;1984
MT;nobres;2013-06-28;11458
MT;nortelandia;2015-10-15;4974
MT;nossa_senhora_do_livramento;2011-12-19;10905
MT;nova_brasilandia;2015-10-29;3461
MT;nova_mutum;2016-03-31;24662
MT;planalto_da_serra;2013-05-09;2259
MT;pocone;2013-10-31;23200
MT;ponte_branca;2011-12-17;1610
MT;pontes_e_lacerda;2013-11-14;29649
MT;primavera_do_leste;2016-02-26;39637
MT;ribeiraozinho;2015-08-28;1915
MT;rondonopolis;2014-03-28;139260
MT;rosario_oeste;2013-09-28;13628
MT;santo_antonio_do_leverger;2012-01-27;13886
MT;serra_nova_dourada;2013-06-14;1451
MT;torixoreu;2015-10-29;3260
MT;vale_de_sao_domingos;2011-12-07;2824
PA;afua;2015-08-29;23119
PA;ananindeua;2014-01-25;278728
PA;barcarena;2014-03-01;70802
PA;belterra;2016-03-26;13743
PA;braganca;2015-11-28;78654
PA;canaa_dos_carajas;2015-12-19;26685
PA;capanema;2010-01-25;45256
PA;capitao_poco;2014-04-05;35807
PA;castanhal;2014-04-05;113568
PA;curuca;2013-08-31;27699
PA;marituba;2015-12-19;65588
PA;mojui_dos_campos;2016-03-26;16923
PA;paragominas;2013-10-05;65222
PA;parauapebas;2015-12-19;136953
PA;peixe_boi;2012-04-01;6788
PA;ponta_de_pedras;2015-11-28;18880
PA;primavera;2015-12-12;9649
PA;quatipuru;2015-12-12;9711
PA;santarem;2016-03-26;202179
PA;sao_joao_de_pirabas;2015-12-12;16433
PA;terra_alta;2013-08-31;9689
PA;tracuateua;2015-11-28;21923
PB;aguiar;2014-03-21;4616
PB;alagoa_nova;2016-03-18;15537
PB;alcantil;2016-03-18;4453
PB;algodao_de_jandaira;2016-03-18;2733
PB;amparo;2016-03-18;2216
PB;aparecida;2016-03-18;6566
PB;aracagi;2016-03-18;14670
PB;areia_de_baraunas;2016-03-18;1879
PB;areial;2016-03-18;5564
PB;assuncao;2016-03-18;3411
PB;bananeiras;2016-03-18;17780
PB;barra_de_santana;2016-03-18;7410
PB;barra_de_sao_miguel;2016-03-18;4487
PB;bayeux;2016-03-18;70354
PB;boa_ventura;2016-03-18;5238
PB;boa_vista;2014-03-21;5489
PB;boqueirao;2016-03-18;13279
PB;borborema;2016-03-18;4653
PB;cabaceiras;2016-03-18;4344
PB;cabedelo;2009-12-19;38345
PB;cacimba_de_areia;2016-03-18;3194
PB;cacimbas;2016-03-18;5316
PB;caicara;2014-03-21;6210
PB;cajazeirinhas;2016-03-18;3445
PB;camalau;2016-03-18;4977
PB;campina_grande;2014-03-21;279142
PB;capim;2014-03-21;4456
PB;caraubas;2016-03-18;3626
PB;catingueira;2014-03-21;4139
PB;caturite;2016-03-18;4422
PB;congo;2016-03-18;4600
PB;coxixola;2016-03-18;1708
PB;cubati;2016-03-18;5983
PB;cuite_de_mamanguape;2014-03-21;6147
PB;cuitegi;2016-03-18;5570
PB;curral_de_cima;2016-03-18;4941
PB;curral_velho;2016-03-18;2079
PB;desterro;2016-03-18;6785
PB;diamante;2016-03-18;5564
PB;dona_ines;2016-03-18;9187
PB;emas;2014-03-21;2790
PB;esperanca;2016-03-18;24739
PB;guarabira;2016-03-18;39697
PB;gurjao;2016-03-18;2966
PB;igaracy;2014-03-21;5694
PB;imaculada;2016-03-18;8537
PB;itaporanga;2016-03-18;17044
PB;itapororoca;2014-03-21;12565
PB;jacarau;2016-03-18;12650
PB;joao_pessoa;2014-03-21;479456
PB;juazeirinho;2016-03-18;12597
PB;junco_do_serido;2016-03-18;5196
PB;lagoa;2016-03-18;4340
PB;lagoa_de_dentro;2016-03-18;6028
PB;lagoa_seca;2014-03-21;19472
PB;lastro;2016-03-18;3214
PB;livramento;2016-03-18;5507
PB;logradouro;2014-03-21;3087
PB;lucena;2016-03-18;9974
PB;mae_d_agua;2016-03-18;3714
PB;mamanguape;2014-03-21;31637
PB;marizopolis;2016-03-18;5109
PB;massaranduba;2014-03-21;10097
PB;mataraca;2014-03-21;6411
PB;matinhas;2016-03-18;3906
PB;matureia;2016-03-18;5167
PB;montadas;2016-03-18;3981
PB;monteiro;2016-03-18;24026
PB;nazarezinho;2016-03-18;6195
PB;nova_olinda;2014-03-21;5116
PB;olho_d_agua;2014-03-21;6617
PB;olivedos;2016-03-18;3349
PB;parari;2016-03-18;1996
PB;passagem;2016-03-18;2240
PB;patos;2016-03-18;66382
PB;paulista;2016-03-18;9542
PB;pedra_branca;2016-03-18;3585
PB;pedras_de_fogo;2010-03-19;21501
PB;pedro_regis;2016-03-18;4522
PB;pianco;2012-03-23;11717
PB;piloes;2016-03-18;6769
PB;piloezinhos;2016-03-18;5170
PB;pombal;2016-03-18;24833
PB;quixaba;2016-03-18;1784
PB;remigio;2016-03-18;13332
PB;riacho_de_santo_antonio;2016-03-18;1884
PB;salgadinho;2016-03-18;2763
PB;santa_cruz;2016-03-18;5318
PB;santa_luzia;2016-03-18;11531
PB;santa_rita;2016-03-18;90540
PB;santa_teresinha;2016-03-18;4693
PB;santana_dos_garrotes;2012-03-23;6160
PB;santo_andre;2016-03-18;2584
PB;sao_bentinho;2016-03-18;3510
PB;sao_domingos;2016-03-18;2836
PB;sao_domingos_do_cariri;2016-03-18;2528
PB;sao_francisco;2016-03-18;3428
PB;sao_joao_do_cariri;2016-03-18;4064
PB;sao_joao_do_tigre;2016-03-18;3607
PB;sao_jose_da_lagoa_tapada;2016-03-18;6266
PB;sao_jose_de_caiana;2016-03-18;4997
PB;sao_jose_de_espinharas;2016-03-18;3912
PB;sao_jose_do_bonfim;2016-03-18;3351
PB;sao_jose_do_sabugi;2016-03-18;3634
PB;sao_jose_dos_cordeiros;2016-03-18;3099
PB;sao_mamede;2016-03-18;6400
PB;sao_sebastiao_de_lagoa_de_roca;2016-03-18;8697
PB;sao_sebastiao_do_umbuzeiro;2016-03-18;2857
PB;sao_vicente_do_serido;2016-03-18;8284
PB;serra_branca;2016-03-18;9908
PB;serra_da_raiz;2014-03-21;2518
PB;serra_grande;2016-03-18;2747
PB;soledade;2016-03-18;10782
PB;sousa;2016-03-18;46970
PB;sume;2016-03-18;12777
PB;taperoa;2016-03-18;10816
PB;teixeira;2016-03-18;10484
PB;tenorio;2016-03-18;2509
PB;varzea;2016-03-18;2347
PB;vieiropolis;2016-03-18;5037
PB;zabele;2016-03-18;2018
PE;afogados_da_ingazeira;2014-03-31;28100
PE;alianca;2011-12-19;28580
PE;altinho;2014-03-31;17388
PE;amaraji;2016-03-31;17494
PE;aracoiaba;2015-12-18;14518
PE;araripina;2014-03-31;55340
PE;arcoverde;2014-03-31;47099
PE;barreiros;2014-03-31;32094
PE;bezerros;2016-03-31;46004
PE;bom_jardim;2016-03-31;31653
PE;bonito;2016-03-31;30486
PE;brejao;2016-03-31;8429
PE;cachoeirinha;2014-01-14;15825
PE;camocim_de_sao_felix;2016-03-31;14503
PE;camutanga;2013-12-12;7140
PE;canhotinho;2014-02-28;18380
PE;carnaiba;2013-11-29;14907
PE;caruaru;2011-12-19;196486
PE;catende;2011-12-19;25657
PE;cupira;2012-03-30;19008
PE;custodia;2014-03-31;27017
PE;escada;2014-03-31;48237
PE;fernando_de_noronha;2012-03-23;2114
PE;ferreiros;2014-01-23;8834
PE;garanhuns;2014-03-31;88303
PE;gloria_do_goita;2016-03-31;22864
PE;goiana;2014-03-31;58563
PE;ibirajuba;2016-03-31;6580
PE;igarassu;2014-03-31;69647
PE;iguaracy;2015-10-02;9484
PE;ilha_de_itamaraca;2009-12-19;14782
PE;ingazeira;2015-11-11;3501
PE;ipojuca;2014-03-31;62878
PE;itaiba;2014-03-31;19113
PE;itambe;2014-03-31;25729
PE;itapissuma;2009-12-19;16589
PE;jatoba;2016-03-31;10189
PE;jucati;2016-03-31;8615
PE;jupi;2016-03-31;10188
PE;jurema;2013-12-19;11040
PE;lajedo;2016-03-31;27245
PE;limoeiro;2016-03-31;47016
PE;macaparana;2011-12-19;18213
PE;moreilandia;2014-03-11;8719
PE;moreno;2014-03-31;43223
PE;nazare_da_mata;2016-03-31;25954
PE;olinda;2016-03-31;309465
PE;palmares;2014-03-31;44757
PE;paranatama;2016-03-31;8694
PE;passira;2016-03-31;25456
PE;paulista;2016-03-31;203873
PE;petrolandia;2014-03-31;24260
PE;petrolina;2016-03-31;188039
PE;quixaba;2016-02-23;5072
PE;recife;2014-03-31;1165432
PE;rio_formoso;2010-03-19;17227
PE;salgueiro;2014-03-31;38698
PE;sanharo;2011-12-19;13951
PE;santa_cruz_do_capibaribe;2016-03-31;56130
PE;santa_maria_do_cambuca;2016-03-31;10326
PE;sao_caitano;2014-03-14;29049
PE;sao_joaquim_do_monte;2014-01-21;17281
PE;sao_jose_da_coroa_grande;2014-03-31;14005
PE;sao_vicente_ferrer;2014-03-31;14862
PE;serra_talhada;2014-03-31;57625
PE;sirinhaem;2014-01-14;26020
PE;solidao;2016-02-24;4943
PE;tabira;2014-01-15;19991
PE;tacaimbo;2014-02-06;10445
PE;tacaratu;2016-03-31;14483
PE;tamandare;2010-03-19;14704
PE;timbauba;2014-03-31;46510
PE;vicencia;2011-12-19;22680
PE;vitoria_de_santo_antao;2016-03-31;98453
PI;alto_longa;2016-03-21;11538
PI;altos;2015-12-17;30482
PI;amarante;2016-03-21;14244
PI;anisio_de_abreu;2015-10-30;6554
PI;antonio_almeida;2016-03-21;2973
PI;aroeiras_do_itaim;2015-12-17;3132
PI;assuncao_do_piaui;2016-03-21;6267
PI;barras;2015-10-30;34106
PI;batalha;2015-12-17;21274
PI;boa_hora;2015-10-30;5763
PI;bom_jesus;2015-12-17;15060
PI;bom_principio_do_piaui;2015-12-17;5455
PI;bonfim_do_piaui;2015-10-30;4487
PI;brasileira;2016-03-21;6972
PI;brejo_do_piaui;2016-03-21;3611
PI;buriti_dos_lopes;2015-12-17;15256
PI;buriti_dos_montes;2015-12-17;5918
PI;cabeceiras_do_piaui;2015-10-30;8602
PI;cajazeiras_do_piaui;2016-03-21;2868
PI;cajueiro_da_praia;2014-03-31;5919
PI;campinas_do_piaui;2016-03-21;4851
PI;campo_maior;2015-10-30;35289
PI;canto_do_buriti;2016-03-21;15582
PI;caraubas_do_piaui;2015-12-17;4767
PI;castelo_do_piaui;2015-12-17;16033
PI;caxingo;2015-12-17;4675
PI;coivaras;2015-12-17;4230
PI;colonia_do_piaui;2016-03-21;5980
PI;coronel_jose_dias;2015-10-30;4664
PI;corrente;2015-12-17;18145
PI;currais;2015-12-17;4800
PI;dirceu_arcoverde;2015-10-30;5701
PI;dom_expedito_lopes;2015-12-17;6082
PI;dom_inocencio;2015-10-30;7232
PI;domingos_mourao;2015-12-17;3682
PI;elesbao_veloso;2016-03-21;12564
PI;esperantina;2015-12-17;28697
PI;fartura_do_piaui;2015-10-30;4257
PI;floresta_do_piaui;2016-03-21;2592
PI;floriano;2012-02-16;39663
PI;francisco_santos;2012-02-15;7146
PI;geminiano;2015-12-17;5288
PI;ilha_grande;2014-03-31;7325
PI;inhuma;2016-03-21;12583
PI;jatoba_do_piaui;2015-10-30;5544
PI;joca_marques;2016-03-21;4439
PI;jose_de_freitas;2014-03-31;29997
PI;juazeiro_do_piaui;2015-12-17;5525
PI;jurema;2015-10-30;4172
PI;lagoa_alegre;2015-12-17;7142
PI;lagoa_de_sao_francisco;2015-12-17;5030
PI;lagoa_do_sitio;2016-03-21;4291
PI;landri_sales;2016-03-21;4481
PI;luis_correia;2014-03-31;23820
PI;luzilandia;2016-03-21;19189
PI;madeiro;2016-03-21;6131
PI;manoel_emidio;2016-03-21;4473
PI;miguel_alves;2016-03-21;24186
PI;milton_brandao;2015-12-17;5634
PI;morro_do_chapeu_do_piaui;2015-12-17;5646
PI;nazaria;2014-03-31;10123
PI;nossa_senhora_de_nazare;2015-10-30;4794
PI;novo_oriente_do_piaui;2016-03-21;5587
PI;novo_santo_antonio;2016-03-21;3717
PI;oeiras;2014-03-31;26933
PI;pajeu_do_piaui;2016-03-21;3221
PI;palmeirais;2016-03-21;11256
PI;parnaiba;2014-03-31;97356
PI;pau_d_arco_do_piaui;2015-12-17;4088
PI;pedro_ii;2015-12-17;29430
PI;picos;2012-02-15;46494
PI;piracuruca;2009-12-08;19923
PI;piripiri;2010-03-19;43471
PI;porto_alegre_do_piaui;2016-03-21;1902
PI;redencao_do_gurgueia;2015-12-17;6130
PI;regeneracao;2016-03-21;14224
PI;santa_rosa_do_piaui;2016-03-21;4424
PI;santana_do_piaui;2015-12-17;3750
PI;santo_inacio_do_piaui;2016-03-21;3285
PI;sao_braz_do_piaui;2015-10-30;3838
PI;sao_francisco_do_piaui;2016-03-21;5611
PI;sao_joao_da_fronteira;2016-03-21;4769
PI;sao_joao_da_serra;2015-12-17;6259
PI;sao_joao_da_varjota;2016-03-21;3951
PI;sao_jose_do_divino;2016-03-21;4712
PI;sao_jose_do_piaui;2015-12-17;5639
PI;sao_lourenco_do_piaui;2015-10-30;4365
PI;sao_miguel_do_fidalgo;2016-03-21;2531
PI;sao_miguel_do_tapuio;2016-03-21;15539
PI;sao_raimundo_nonato;2015-10-30;21962
PI;sebastiao_barros;2015-12-17;3910
PI;sigefredo_pacheco;2015-10-30;7964
PI;sussuapara;2015-12-17;5542
PI;tamboril_do_piaui;2016-03-21;2715
PI;teresina;2014-03-31;531322
PI;uniao;2015-12-17;33736
PI;urucui;2016-03-21;15352
PI;valenca_do_piaui;2016-03-21;16337
PI;varzea_branca;2015-10-30;4023
PR;adrianopolis;2015-10-16;4889
PR;agudos_do_sul;2016-03-31;6647
PR;almirante_tamandare;2015-11-30;67657
PR;altamira_do_parana;2016-03-31;3921
PR;apucarana;2015-12-22;93430
PR;araucaria;2016-03-31;93286
PR;balsa_nova;2010-01-30;9301
PR;barracao;2015-09-30;7234
PR;bocaiuva_do_sul;2015-10-16;8396
PR;bom_jesus_do_sul;2015-09-30;3472
PR;cambe;2015-11-30;73691
PR;cambira;2015-12-22;6036
PR;campina_da_lagoa;2016-03-31;12159
PR;campina_do_simao;2015-12-18;3374
PR;campina_grande_do_sul;2015-10-30;30096
PR;campo_bonito;2016-01-29;3806
PR;campo_largo;2014-03-28;82517
PR;campo_magro;2015-11-30;18031
PR;campo_mourao;2016-03-31;66234
PR;candoi;2015-12-18;11467
PR;cascavel;2016-01-31;206372
PR;colombo;2015-12-18;146783
PR;contenda;2016-02-29;11047
PR;coronel_vivida;2016-03-31;16760
PR;curitiba;2012-01-20;1310968
PR;diamante_do_sul;2016-01-29;2938
PR;doutor_camargo;2013-10-04;4993
PR;farol;2016-03-31;2815
PR;fazenda_rio_grande;2016-03-31;62354
PR;floresta;2013-10-04;5153
PR;florestopolis;2015-10-30;9644
PR;foz_do_iguacu;2016-03-31;188311
PR;foz_do_jordao;2015-12-18;4102
PR;guaraniacu;2016-01-29;11319
PR;guarapuava;2015-12-18;121311
PR;honorio_serpa;2016-03-31;4593
PR;itaperucu;2015-10-30;17671
PR;ivatuba;2013-10-04;2628
PR;janiopolis;2016-03-31;5623
PR;lapa;2016-02-29;35210
PR;lindoeste;2016-01-31;4946
PR;londrina;2013-09-06;360856
PR;luiziana;2016-03-31;5933
PR;mandirituba;2016-03-31;17076
PR;maringa;2013-10-04;257320
PR;miraselva;2015-10-30;1840
PR;nova_cantu;2016-03-31;6381
PR;novo_itacolomi;2015-12-22;2495
PR;ouro_verde_do_oeste;2015-11-30;4420
PR;paicandu;2013-10-04;25844
PR;paranagua;2015-12-22;102562
PR;pinhais;2015-11-30;91095
PR;piraquara;2015-10-30;58591
PR;ponta_grossa;2016-01-29;231489
PR;porecatu;2015-10-30;10800
PR;prado_ferreira;2015-10-30;3105
PR;quatro_barras;2015-10-30;13907
PR;rio_branco_do_sul;2015-10-30;23626
PR;salgado_filho;2015-09-30;3722
PR;santa_tereza_do_oeste;2016-01-31;8223
PR;santa_terezinha_de_itaipu;2016-03-31;16889
PR;sao_jose_dos_pinhais;2016-03-31;182528
PR;sao_pedro_do_iguacu;2015-11-30;5189
PR;tamarana;2013-09-06;8962
PR;tijucas_do_sul;2016-03-31;11046
PR;toledo;2015-11-30;92496
PR;tunas_do_parana;2015-10-16;4618
PR;turvo;2015-12-18;11208
RJ;armacao_dos_buzios;2009-07-14;18614
RJ;niteroi;2013-11-14;378528
RN;afonso_bezerra;2015-10-10;9465
RN;agua_nova;2013-05-08;2523
RN;alexandria;2010-01-16;9990
RN;almino_afonso;2013-05-08;4948
RN;alto_do_rodrigues;2015-11-27;10850
RN;areia_branca;2013-06-13;19866
RN;assu;2014-04-12;40435
RN;baia_formosa;2016-03-31;7142
RN;barauna;2014-04-04;17890
RN;barcelona;2013-05-08;4270
RN;bom_jesus;2010-12-15;7620
RN;brejinho;2013-06-13;9451
RN;caico;2015-11-27;43948
RN;canguaretama;2016-03-31;23933
RN;caraubas;2010-01-09;15279
RN;carnaubais;2014-04-12;8662
RN;ceara_mirim;2015-10-15;51704
RN;encanto;2013-05-08;4339
RN;equador;2013-06-13;4850
RN;espirito_santo;2016-03-04;7552
RN;francisco_dantas;2013-05-08;2741
RN;frutuoso_gomes;2013-05-08;4320
RN;galinhos;2015-12-02;2228
RN;goianinha;2016-03-04;18677
RN;governador_dix_sept_rosado;2013-05-10;11904
RN;grossos;2013-06-13;7798
RN;guamare;2010-01-28;10066
RN;ielmo_marinho;2010-12-15;10212
RN;ipanguacu;2014-04-12;12722
RN;itaja;2014-04-12;6786
RN;jardim_de_piranhas;2015-11-27;11374
RN;joao_dias;2010-01-09;2321
RN;jundia;2016-03-04;3593
RN;lagoa_de_pedras;2015-10-10;6544
RN;lagoa_de_velhos;2013-05-08;3161
RN;lagoa_salgada;2013-06-13;8539
RN;lucrecia;2013-05-08;3299
RN;macaiba;2010-12-15;44813
RN;macau;2010-01-28;19765
RN;monte_alegre;2013-06-13;16292
RN;mossoro;2014-04-04;166572
RN;natal;2013-12-14;523022
RN;nisia_floresta;2010-03-30;15821
RN;parelhas;2013-06-13;16549
RN;parnamirim;2016-03-12;117062
RN;pau_dos_ferros;2013-05-08;19799
RN;pedro_avelino;2010-01-23;5377
RN;pendencias;2015-11-27;11163
RN;piloes;2010-01-16;3189
RN;porto_do_mangue;2014-04-12;4695
RN;pureza;2015-10-10;7390
RN;rafael_fernandes;2013-05-08;4304
RN;rafael_godeiro;2013-05-08;3401
RN;riacho_de_santana;2013-05-08;3715
RN;ruy_barbosa;2013-05-08;3671
RN;santana_do_serido;2013-06-13;2353
RN;sao_fernando;2010-03-30;2948
RN;sao_francisco_do_oeste;2013-05-08;3582
RN;sao_goncalo_do_amarante;2016-03-31;65946
RN;sao_jose_de_mipibu;2010-03-30;26738
RN;sao_tome;2013-05-08;8795
RN;senador_eloi_de_souza;2015-10-10;5228
RN;serra_do_mel;2014-04-04;8975
RN;tibau;2013-06-13;4085
RN;tibau_do_sul;2016-03-04;10272
RN;timbauba_dos_batistas;2010-03-30;2196
RN;vera_cruz;2013-06-13;9001
RN;vila_flor;2016-03-31;2600
RO;alto_paraiso;2013-07-31;11745
RO;ariquemes;2013-07-31;62399
RO;buritis;2013-10-31;22628
RO;cabixi;2013-08-30;5223
RO;cacaulandia;2013-07-02;4266
RO;campo_novo_de_rondonia;2013-10-30;7768
RO;candeias_do_jamari;2011-12-19;13366
RO;castanheiras;2011-12-16;3397
RO;colorado_do_oeste;2008-04-01;13310
RO;cujubim;2013-05-31;9919
RO;guajara_mirim;2013-08-30;27348
RO;itapua_do_oeste;2011-12-09;5446
RO;ji_parana;2015-12-18;84966
RO;machadinho_d_oeste;2013-10-31;22333
RO;monte_negro;2013-07-02;10859
RO;nova_mamore;2013-08-30;15042
RO;porto_velho;2012-03-20;279529
RO;primavera_de_rondonia;2013-10-01;3289
RO;rio_crespo;2013-05-31;3129
RO;vale_do_anari;2013-10-30;6310
RR;boa_vista;2013-12-01;184292
RS;acegua;2016-03-15;3873
RS;agua_santa;2015-12-02;2998
RS;ajuricaba;2013-09-11;6048
RS;alegria;2015-09-30;3394
RS;almirante_tamandare_do_sul;2014-03-26;1988
RS;alpestre;2016-03-16;6283
RS;alto_alegre;2013-07-17;1672
RS;alto_feliz;2013-07-31;2529
RS;alvorada;2016-03-16;140356
RS;amaral_ferrador;2016-03-16;4933
RS;ametista_do_sul;2016-03-09;5478
RS;andre_da_rocha;2013-12-18;1361
RS;anta_gorda;2015-12-18;5121
RS;arambare;2013-06-12;3598
RS;ararica;2013-11-20;4678
RS;aratiba;2015-12-16;5652
RS;arroio_do_meio;2016-03-16;15083
RS;arroio_do_padre;2013-11-27;2566
RS;arroio_do_sal;2015-11-25;6337
RS;arroio_dos_ratos;2015-12-18;10759
RS;arvorezinha;2016-03-16;8273
RS;aurea;2015-11-11;3014
RS;balneario_pinhal;2016-01-27;8455
RS;barao;2016-03-16;4658
RS;barra_do_quarai;2013-08-23;3519
RS;barra_do_ribeiro;2015-09-30;9997
RS;barra_do_rio_azul;2013-05-08;1874
RS;barra_funda;2013-10-02;2366
RS;barracao;2015-09-16;4160
RS;barros_cassal;2016-02-24;8672
RS;benjamin_constant_do_sul;2013-10-01;1839
RS;boa_vista_das_missoes;2013-08-21;2007
RS;boa_vista_do_burica;2015-12-16;5432
RS;boa_vista_do_cadeado;2015-11-18;2104
RS;boa_vista_do_incra;2015-12-16;2127
RS;boa_vista_do_sul;2013-09-25;2522
RS;bom_jesus;2015-11-25;8398
RS;bom_progresso;2013-08-14;2260
RS;bom_retiro_do_sul;2015-12-02;9291
RS;boqueirao_do_leao;2015-09-16;6013
RS;bossoroca;2015-12-02;5440
RS;bozano;2013-11-27;2267
RS;braga;2015-11-18;2884
RS;brochier;2015-09-02;3790
RS;cacique_doble;2015-12-16;3745
RS;caibate;2015-10-07;3857
RS;caicara;2016-03-02;4098
RS;camargo;2015-09-16;2102
RS;cambara_do_sul;2016-03-16;5408
RS;campestre_da_serra;2015-08-19;2633
RS;campina_das_missoes;2013-09-04;5348
RS;campinas_do_sul;2015-08-05;4541
RS;campo_novo;2013-09-25;4719
RS;campos_borges;2013-11-20;2918
RS;candido_godoi;2015-11-30;5374
RS;canoas;2010-03-19;238600
RS;canudos_do_vale;2013-07-17;2066
RS;capao_bonito_do_sul;2013-08-28;1852
RS;capao_do_cipo;2013-09-13;2743
RS;capela_de_santana;2015-12-02;8166
RS;capitao;2013-09-04;2547
RS;capivari_do_sul;2014-03-19;3152
RS;caraa;2016-03-16;6375
RS;carlos_gomes;2014-02-26;1525
RS;caseiros;2015-08-26;2499
RS;caxias_do_sul;2016-03-16;329695
RS;centenario;2014-03-26;2571
RS;cerrito;2016-02-24;5498
RS;cerro_branco;2013-08-14;3939
RS;cerro_grande;2013-08-28;2177
RS;cerro_grande_do_sul;2016-02-10;7150
RS;cerro_largo;2016-01-27;9623
RS;chapada;2015-11-04;7616
RS;charrua;2016-02-03;2501
RS;chiapetta;2013-07-24;3644
RS;chui;2016-01-27;4306
RS;chuvisca;2013-07-24;4072
RS;colinas;2014-03-12;2324
RS;colorado;2013-12-11;3167
RS;condor;2013-09-25;5422
RS;coqueiro_baixo;2013-12-17;1388
RS;coqueiros_do_sul;2013-12-18;2324
RS;coronel_barros;2013-12-18;2288
RS;coronel_bicaco;2013-07-17;6358
RS;coronel_pilar;2013-11-20;1582
RS;cotipora;2013-09-04;3546
RS;coxilha;2013-07-30;2572
RS;cristal;2013-09-04;6254
RS;cristal_do_sul;2014-03-19;2518
RS;cruzaltense;2013-11-06;2078
RS;david_canabarro;2013-12-11;3974
RS;derrubadas;2013-08-07;2688
RS;dezesseis_de_novembro;2013-11-29;2478
RS;dilermando_de_aguiar;2013-10-23;3120
RS;dois_irmaos_das_missoes;2013-10-29;1985
RS;dois_lajeados;2013-08-28;2949
RS;dom_feliciano;2016-03-16;10242
RS;dom_pedro_de_alcantara;2014-01-22;2345
RS;dona_francisca;2013-12-18;3276
RS;doutor_ricardo;2013-07-05;2107
RS;engenho_velho;2013-12-04;1306
RS;entre_ijuis;2015-08-19;7070
RS;entre_rios_do_sul;2013-07-19;2792
RS;erebango;2013-12-18;2403
RS;ernestina;2013-10-30;2731
RS;erval_grande;2015-11-25;3922
RS;erval_seco;2015-10-09;5817
RS;esmeralda;2015-11-25;2469
RS;esperanca_do_sul;2013-10-30;2896
RS;espumoso;2016-03-16;11727
RS;estacao;2015-11-25;4919
RS;estrela_velha;2013-09-25;3361
RS;eugenio_de_castro;2013-09-11;2554
RS;fagundes_varela;2013-10-30;2312
RS;faxinal_do_soturno;2015-09-21;5404
RS;faxinalzinho;2013-12-13;2285
RS;fazenda_vilanova;2013-08-21;3408
RS;feliz;2015-10-07;9966
RS;floriano_peixoto;2013-09-25;1987
RS;fontoura_xavier;2014-01-29;8832
RS;formigueiro;2013-12-04;6190
RS;forquetinha;2013-10-02;2642
RS;garruchos;2013-11-14;2947
RS;gaurama;2013-09-11;5257
RS;gentil;2013-06-26;1667
RS;girua;2015-11-30;12613
RS;glorinha;2013-11-20;6515
RS;gramado_dos_loureiros;2013-07-24;1990
RS;gramado_xavier;2015-10-21;2813
RS;guabiju;2013-10-30;1506
RS;herval;2016-03-09;5440
RS;herveiras;2013-08-14;2600
RS;hulha_negra;2016-03-16;4598
RS;humaita;2016-03-16;4123
RS;ibiraiaras;2016-01-20;5375
RS;ibirapuita;2013-12-11;3812
RS;ilopolis;2015-09-02;3493
RS;imigrante;2013-12-16;2549
RS;independencia;2013-12-18;5916
RS;inhacora;2013-10-02;2134
RS;ipe;2016-03-02;5272
RS;ipiranga_do_sul;2013-07-12;1907
RS;itaara;2013-07-10;4319
RS;itacurubi;2014-01-17;2978
RS;itapuca;2013-09-10;1939
RS;itati;2013-11-26;2843
RS;ivora;2013-09-25;1952
RS;jaboticaba;2013-12-11;3287
RS;jacuizinho;2013-12-18;2276
RS;jacutinga;2013-12-18;2986
RS;jaquirana;2013-11-13;4020
RS;jari;2013-12-06;3174
RS;joia;2016-03-16;6663
RS;lagoa_bonita_do_sul;2016-03-16;2218
RS;lagoa_dos_tres_cantos;2013-10-02;1541
RS;lajeado_do_bugre;2015-10-07;1887
RS;lavras_do_sul;2016-03-09;6176
RS;liberato_salzano;2015-12-02;4387
RS;lindolfo_collor;2016-03-16;4266
RS;linha_nova;2013-05-22;1381
RS;macambara;2013-11-27;4346
RS;mampituba;2015-09-16;2483
RS;manoel_viana;2016-03-16;5855
RS;maquine;2015-08-05;5847
RS;marata;2013-09-18;2269
RS;marcelino_ramos;2015-12-18;4024
RS;mariana_pimentel;2013-10-02;3565
RS;mariano_moro;2013-07-24;2025
RS;marques_de_souza;2014-03-26;3567
RS;mata;2016-03-16;4263
RS;mato_castelhano;2013-12-18;2602
RS;mato_leitao;2013-08-14;3400
RS;mato_queimado;2013-06-28;1674
RS;maximiliano_de_almeida;2015-12-16;3998
RS;minas_do_leao;2015-12-02;6339
RS;miraguai;2015-09-30;3837
RS;montauri;2013-08-12;1456
RS;monte_alegre_dos_campos;2013-10-09;3132
RS;monte_belo_do_sul;2013-10-09;2959
RS;mormaco;2013-11-20;2621
RS;morrinhos_do_sul;2013-10-16;2978
RS;morro_redondo;2016-03-16;5015
RS;morro_reuter;2015-12-16;5004
RS;mucum;2013-12-18;4135
RS;muitos_capoes;2013-09-04;2501
RS;muliterno;2013-12-04;1707
RS;nicolau_vergueiro;2013-09-04;1923
RS;nonoai;2014-02-19;9493
RS;nova_alvorada;2013-11-27;2513
RS;nova_araca;2015-10-21;3392
RS;nova_bassano;2015-12-15;6864
RS;nova_boa_vista;2013-12-19;1920
RS;nova_brescia;2015-08-10;2594
RS;nova_esperanca_do_sul;2016-01-20;3986
RS;nova_hartz;2016-03-16;13345
RS;nova_padua;2013-10-30;2195
RS;nova_palma;2015-08-19;5087
RS;nova_ramada;2015-09-23;2054
RS;nova_roma_do_sul;2015-11-17;2949
RS;nova_santa_rita;2013-11-27;16685
RS;novo_barreiro;2013-09-04;3596
RS;novo_cabrais;2013-12-04;3620
RS;novo_machado;2015-10-28;3339
RS;novo_tiradentes;2013-06-12;1993
RS;novo_xingu;2013-09-11;1481
RS;paim_filho;2013-10-23;3739
RS;palmares_do_sul;2013-12-18;10760
RS;pantano_grande;2016-03-16;8462
RS;pareci_novo;2013-11-27;3114
RS;passo_do_sobrado;2015-12-09;4734
RS;paverama;2015-10-21;5659
RS;pedras_altas;2013-11-27;2180
RS;pedro_osorio;2016-03-16;6675
RS;pelotas;2016-03-16;238725
RS;picada_cafe;2016-03-16;4229
RS;pinhal;2015-07-01;1994
RS;pinhal_da_serra;2013-09-18;2487
RS;pinhal_grande;2015-12-09;3787
RS;pinheiro_machado;2016-03-16;10564
RS;pinto_bandeira;2013-09-11;2287
RS;pirapo;2013-12-13;2492
RS;poco_das_antas;2013-11-14;1896
RS;pontao;2015-09-09;3119
RS;ponte_preta;2013-10-23;1743
RS;porto_lucena;2015-10-27;4075
RS;porto_maua;2013-08-30;2312
RS;porto_vera_cruz;2013-10-16;1757
RS;porto_xavier;2014-01-15;8895
RS;pouso_novo;2013-10-30;1719
RS;presidente_lucena;2015-12-02;2223
RS;progresso;2015-12-16;4960
RS;protasio_alves;2013-09-04;1969
RS;putinga;2014-02-12;4081
RS;quatro_irmaos;2015-07-15;1560
RS;quevedos;2013-12-04;2263
RS;quinze_de_novembro;2016-03-16;3177
RS;redentora;2013-12-11;6382
RS;relvado;2014-03-26;2108
RS;rio_dos_indios;2013-07-31;3083
RS;riozinho;2013-12-11;3966
RS;rodeio_bonito;2015-09-30;4537
RS;rolador;2013-08-28;2576
RS;rolante;2015-12-09;14801
RS;rondinha;2016-03-16;4650
RS;sagrada_familia;2014-01-29;2457
RS;saldanha_marinho;2013-12-04;2702
RS;salvador_das_missoes;2013-04-30;2530
RS;salvador_do_sul;2015-11-18;5199
RS;santa_barbara_do_sul;2015-10-21;7154
RS;santa_cecilia_do_sul;2013-10-01;1850
RS;santa_clara_do_sul;2015-08-26;4736
RS;santa_margarida_do_sul;2013-11-27;2502
RS;santa_tereza;2013-08-21;1738
RS;santana_da_boa_vista;2016-03-16;7053
RS;santo_antonio_das_missoes;2015-09-30;9124
RS;santo_antonio_do_palma;2013-08-14;1870
RS;santo_antonio_do_planalto;2013-09-25;1923
RS;santo_expedito_do_sul;2013-10-30;2165
RS;sao_domingos_do_sul;2013-08-28;2536
RS;sao_joao_do_polesine;2013-10-23;2515
RS;sao_jorge;2014-03-26;2574
RS;sao_jose_das_missoes;2014-01-15;2477
RS;sao_jose_do_herval;2013-11-06;2246
RS;sao_jose_do_inhacora;2013-09-18;2163
RS;sao_jose_do_sul;2015-06-26;1838
RS;sao_jose_dos_ausentes;2013-09-18;3150
RS;sao_martinho;2015-11-25;4755
RS;sao_martinho_da_serra;2013-09-25;3019
RS;sao_miguel_das_missoes;2013-12-11;5918
RS;sao_paulo_das_missoes;2013-12-19;5227
RS;sao_pedro_da_serra;2013-07-03;2855
RS;sao_pedro_das_missoes;2015-12-02;1657
RS;sao_pedro_do_butia;2015-07-15;2379
RS;sao_pedro_do_sul;2015-12-16;13166
RS;sao_valentim;2015-07-15;2951
RS;sao_valentim_do_sul;2013-11-27;2194
RS;sao_valerio_do_sul;2013-12-18;2137
RS;sao_vendelino;2013-10-09;2007
RS;segredo;2016-01-18;6007
RS;selbach;2015-12-02;4216
RS;senador_salgado_filho;2013-10-16;2635
RS;sentinela_do_sul;2016-02-17;4284
RS;serafina_correa;2015-10-07;11124
RS;serio;2013-12-18;2072
RS;sertao_santana;2014-02-26;5046
RS;sete_de_setembro;2013-06-05;1842
RS;severiano_de_almeida;2013-08-21;3465
RS;silveira_martins;2013-12-04;2265
RS;tabai;2016-03-16;3488
RS;taquarucu_do_sul;2015-11-25;2515
RS;tavares;2016-02-17;4452
RS;terra_de_areia;2016-03-09;7102
RS;tio_hugo;2015-11-11;2318
RS;tiradentes_do_sul;2015-08-12;4778
RS;toropi;2013-11-20;2687
RS;travesseiro;2015-10-14;1931
RS;tres_arroios;2015-10-21;2443
RS;tres_coroas;2016-03-16;17505
RS;tres_forquilhas;2013-09-18;2832
RS;trindade_do_sul;2016-03-02;4418
RS;triunfo;2014-02-05;22746
RS;tucunduva;2015-12-16;4812
RS;tunas;2016-01-25;3636
RS;tupanci_do_sul;2013-12-18;1420
RS;tupancireta;2016-03-09;16358
RS;tupandi;2016-03-09;3707
RS;tuparendi;2015-11-04;6861
RS;turucu;2013-11-27;3281
RS;ubiretama;2013-07-17;1989
RS;uniao_da_serra;2013-11-11;1546
RS;unistalda;2013-11-14;2889
RS;vale_do_sol;2016-02-17;8132
RS;vale_real;2013-12-19;4441
RS;vale_verde;2013-12-11;3274
RS;vanini;2013-10-23;1806
RS;vespasiano_correa;2013-09-11;2355
RS;viadutos;2013-12-11;4232
RS;viamao;2016-03-16;165889
RS;vila_flores;2014-02-19;2983
RS;vila_langaro;2014-02-06;2208
RS;vila_nova_do_sul;2013-08-28;3942
RS;vista_alegre;2015-10-21;2480
RS;vista_alegre_do_prata;2013-07-03;1674
RS;vista_gaucha;2013-10-30;2663
RS;vitoria_das_missoes;2013-07-10;3272
RS;xangri_la;2016-02-03;9486
SC;aguas_mornas;2014-03-16;5264
SC;angelina;2013-12-15;4774
SC;anitapolis;2013-12-15;2834
SC;antonio_carlos;2013-12-15;6600
SC;biguacu;2015-11-29;41473
SC;blumenau;2016-03-22;235568
SC;florianopolis;2016-03-22;306136
SC;governador_celso_ramos;2014-03-16;12935
SC;joinville;2016-03-22;383230
SC;major_gercino;2013-07-31;2986
SC;nova_trento;2013-10-31;9348
SC;palhoca;2016-03-22;92689
SC;paulo_lopes;2014-03-16;5654
SC;rancho_queimado;2014-03-16;2567
SC;santo_amaro_da_imperatriz;2015-08-02;15134
SC;sao_bonifacio;2014-03-16;2550
SC;sao_joao_batista;2008-04-01;13544
SC;sao_jose;2016-03-22;143342
SC;sao_pedro_de_alcantara;2013-12-15;3807
SE;amparo_de_sao_francisco;2011-12-16;2082
SE;aquidaba;2011-12-16;15246
SE;aracaju;2011-12-16;375315
SE;araua;2011-12-16;8755
SE;areia_branca;2011-12-16;11144
SE;barra_dos_coqueiros;2010-01-21;16133
SE;boquim;2011-12-16;19913
SE;brejo_grande;2011-12-16;5263
SE;campo_do_brito;2011-12-16;13107
SE;canhoba;2011-12-16;3656
SE;caninde_de_sao_francisco;2011-12-16;18284
SE;capela;2011-12-16;21268
SE;carira;2011-12-16;15342
SE;carmopolis;2011-12-16;11306
SE;cedro_de_sao_joao;2011-12-16;4499
SE;cristinapolis;2011-12-16;11995
SE;cumbe;2011-12-16;3005
SE;divina_pastora;2011-12-16;3116
SE;estancia;2011-12-16;43137
SE;feira_nova;2011-12-16;4535
SE;frei_paulo;2011-12-16;10420
SE;gararu;2011-12-16;8255
SE;general_maynard;2011-12-16;1925
SE;graccho_cardoso;2011-12-16;5010
SE;ilha_das_flores;2011-12-16;6940
SE;indiaroba;2011-12-16;10392
SE;itabaiana;2011-12-16;60317
SE;itabaianinha;2011-12-16;27354
SE;itabi;2011-12-16;4218
SE;itaporanga_d_ajuda;2011-12-16;22244
SE;japaratuba;2011-12-16;12779
SE;japoata;2011-12-16;9817
SE;lagarto;2011-12-16;65863
SE;laranjeiras;2011-12-16;18805
SE;macambira;2011-12-16;5231
SE;malhada_dos_bois;2011-12-16;3168
SE;malhador;2011-12-16;8635
SE;maruim;2011-12-16;11587
SE;moita_bonita;2011-12-16;8252
SE;monte_alegre_de_sergipe;2011-12-16;8894
SE;muribeca;2011-12-16;6163
SE;neopolis;2011-12-16;13705
SE;nossa_senhora_aparecida;2011-12-16;6404
SE;nossa_senhora_da_gloria;2011-12-16;21899
SE;nossa_senhora_das_dores;2011-12-16;18367
SE;nossa_senhora_de_lourdes;2011-12-16;4925
SE;nossa_senhora_do_socorro;2011-12-16;81614
SE;pacatuba;2011-12-16;10486
SE;pedra_mole;2011-12-16;2537
SE;pedrinhas;2011-12-16;6781
SE;pinhao;2011-12-16;4768
SE;pirambu;2011-12-16;6702
SE;poco_redondo;2011-12-16;16991
SE;poco_verde;2011-12-16;17301
SE;porto_da_folha;2011-12-16;19927
SE;propria;2011-12-16;20543
SE;riachao_do_dantas;2011-12-16;15337
SE;riachuelo;2011-12-16;6777
SE;ribeiropolis;2011-12-16;12651
SE;rosario_do_catete;2011-12-16;6872
SE;salgado;2011-12-16;13876
SE;santa_luzia_do_itanhy;2011-12-16;9609
SE;santa_rosa_de_lima;2011-12-16;3258
SE;santana_do_sao_francisco;2011-12-16;4951
SE;santo_amaro_das_brotas;2011-12-16;8209
SE;sao_cristovao;2011-12-16;48256
SE;sao_domingos;2011-12-16;7332
SE;sao_francisco;2011-12-16;2615
SE;sao_miguel_do_aleixo;2011-12-16;3026
SE;simao_dias;2011-12-16;30102
SE;siriri;2011-12-16;5900
SE;telha;2011-12-16;2595
SE;tobias_barreto;2011-12-16;37306
SE;tomar_do_geru;2011-12-16;10173
SE;umbauba;2011-12-16;15319
SP;aguas_de_sao_pedro;2014-03-25;4164
SP;analandia;2014-03-28;5362
SP;corumbatai;2014-02-28;3496
SP;embu_das_artes;2014-03-25;178270
SP;ipeuna;2014-02-28;5377
SP;itirapina;2014-02-28;9951
SP;itupeva;2011-11-30;27109
SP;jundiai;2012-03-31;268267
SP;louveira;2013-10-31;28875
SP;nuporanga;2010-03-19;5530
SP;sales_oliveira;2011-06-30;7713
SP;santa_gertrudes;2014-02-28;16931
SP;santa_maria_da_serra;2014-03-25;4084
SP;sao_pedro;2014-03-25;24322
SP;vinhedo;2013-10-25;51639
TO;abreulandia;2012-03-23;1943
TO;alianca_do_tocantins;2012-03-23;4385
TO;almas;2016-03-04;5251
TO;alvorada;2010-03-19;6431
TO;aparecida_do_rio_negro;2016-03-04;3686
TO;araguaina;2013-12-19;98791
TO;arraias;2016-03-04;8520
TO;aurora_do_tocantins;2016-03-04;2916
TO;barrolandia;2016-03-04;4383
TO;bernardo_sayao;2016-03-04;3156
TO;bom_jesus_do_tocantins;2010-03-19;2157
TO;brasilandia_do_tocantins;2016-03-04;1702
TO;brejinho_de_nazare;2016-03-04;4060
TO;cariri_do_tocantins;2012-03-23;2440
TO;chapada_da_natividade;2016-03-04;2822
TO;chapada_de_areia;2016-03-04;1882
TO;colinas_do_tocantins;2016-03-04;22419
TO;combinado;2016-03-04;3724
TO;conceicao_do_tocantins;2016-03-04;3386
TO;cristalandia;2016-03-04;5443
TO;crixas_do_tocantins;2012-03-23;1023
TO;dianopolis;2016-03-04;12401
TO;divinopolis_do_tocantins;2012-03-23;4698
TO;dois_irmaos_do_tocantins;2016-03-04;4803
TO;fatima;2016-03-04;2920
TO;figueiropolis;2010-03-19;3741
TO;fortaleza_do_tabocao;2016-03-04;2399
TO;guarai;2016-03-04;16732
TO;gurupi;2012-03-23;51682
TO;ipueiras;2016-03-04;1591
TO;juarina;2016-03-04;1741
TO;lagoa_da_confusao;2016-03-04;6439
TO;lagoa_do_tocantins;2016-03-04;2666
TO;lajeado;2016-03-04;2524
TO;lavandeira;2016-03-04;1466
TO;lizarda;2016-03-04;2724
TO;marianopolis_do_tocantins;2012-03-23;2844
TO;miracema_do_tocantins;2016-03-04;14455
TO;miranorte;2016-03-04;9807
TO;monte_do_carmo;2016-03-04;4604
TO;monte_santo_do_tocantins;2012-03-23;1541
TO;natividade;2016-03-04;6666
TO;nova_rosalandia;2016-03-04;2493
TO;novo_acordo;2016-03-04;3418
TO;novo_alegre;2016-03-04;1706
TO;novo_jardim;2016-03-04;1958
TO;oliveira_de_fatima;2016-03-04;1673
TO;palmas;2014-03-14;151039
TO;palmeiropolis;2016-03-04;4966
TO;paraiso_do_tocantins;2012-03-23;29622
TO;parana;2016-03-04;7731
TO;pedro_afonso;2010-03-19;7061
TO;pium;2016-03-04;4906
TO;ponte_alta_do_bom_jesus;2016-03-04;3412
TO;porto_alegre_do_tocantins;2016-03-04;2164
TO;porto_nacional;2016-03-04;34821
TO;presidente_kennedy;2016-03-04;2494
TO;pugmil;2012-03-23;1761
TO;rio_da_conceicao;2016-03-04;1629
TO;rio_dos_bois;2016-03-04;1985
TO;rio_sono;2010-03-19;4124
TO;santa_maria_do_tocantins;2010-03-19;2021
TO;santa_rita_do_tocantins;2016-03-04;1709
TO;santa_rosa_do_tocantins;2016-03-04;3655
TO;santa_tereza_do_tocantins;2016-03-04;2319
TO;sao_felix_do_tocantins;2014-12-16;1270
TO;sao_salvador_do_tocantins;2016-03-04;2303
TO;silvanopolis;2016-03-04;3889
TO;taguatinga;2016-03-04;10532
TO;taipas_do_tocantins;2016-03-04;1654
TO;talisma;2010-03-19;2158
TO;tocantinia;2016-03-04;4883
TO;tupirama;2011-11-16;1071
TO;tupiratins;2016-03-04;1590
